epoch,timestamp,power_w,utilization_gpu_pct,memory_used_mb,memory_total_mb
1785252694.589935,2026/07/28 15:31:34.584, 35.84, 0, 0, 97887
1785252694.790002,2026/07/28 15:31:34.789, 35.84, 0, 0, 97887
1785252694.990119,2026/07/28 15:31:34.990, 35.84, 0, 0, 97887
1785252695.190210,2026/07/28 15:31:35.190, 35.84, 0, 0, 97887
1785252695.390303,2026/07/28 15:31:35.390, 35.57, 0, 0, 97887
1785252695.590419,2026/07/28 15:31:35.590, 35.57, 0, 0, 97887
1785252695.790506,2026/07/28 15:31:35.790, 35.57, 0, 0, 97887
1785252695.990597,2026/07/28 15:31:35.990, 35.57, 0, 0, 97887
1785252696.190691,2026/07/28 15:31:36.190, 35.57, 0, 0, 97887
1785252696.390790,2026/07/28 15:31:36.390, 35.59, 0, 0, 97887
1785252696.590896,2026/07/28 15:31:36.590, 35.59, 0, 0, 97887
1785252696.791007,2026/07/28 15:31:36.790, 35.59, 0, 0, 97887
1785252696.991113,2026/07/28 15:31:36.991, 35.59, 0, 0, 97887
1785252697.191219,2026/07/28 15:31:37.191, 35.59, 0, 0, 97887
1785252697.391496,2026/07/28 15:31:37.391, 35.63, 0, 0, 97887
1785252697.591706,2026/07/28 15:31:37.591, 35.63, 0, 0, 97887
1785252697.791788,2026/07/28 15:31:37.791, 35.63, 0, 0, 97887
1785252697.991884,2026/07/28 15:31:37.991, 35.63, 0, 0, 97887
1785252698.191987,2026/07/28 15:31:38.191, 35.63, 0, 0, 97887
1785252698.392079,2026/07/28 15:31:38.392, 35.62, 0, 0, 97887
1785252698.592312,2026/07/28 15:31:38.592, 35.62, 0, 0, 97887
1785252698.792485,2026/07/28 15:31:38.792, 35.62, 0, 0, 97887
1785252698.992549,2026/07/28 15:31:38.992, 35.62, 0, 0, 97887
1785252699.192640,2026/07/28 15:31:39.192, 35.62, 0, 0, 97887
1785252699.392726,2026/07/28 15:31:39.392, 35.60, 0, 0, 97887
1785252699.592811,2026/07/28 15:31:39.592, 35.60, 0, 0, 97887
1785252699.792897,2026/07/28 15:31:39.792, 35.60, 0, 0, 97887
1785252699.992980,2026/07/28 15:31:39.992, 35.60, 0, 0, 97887
1785252700.193073,2026/07/28 15:31:40.193, 35.60, 0, 0, 97887
1785252700.393163,2026/07/28 15:31:40.393, 35.59, 0, 0, 97887
1785252700.593251,2026/07/28 15:31:40.593, 35.59, 0, 0, 97887
1785252700.793348,2026/07/28 15:31:40.793, 35.59, 0, 0, 97887
1785252700.993449,2026/07/28 15:31:40.993, 35.59, 0, 0, 97887
1785252701.193541,2026/07/28 15:31:41.193, 35.59, 0, 0, 97887
1785252701.393635,2026/07/28 15:31:41.393, 35.60, 0, 0, 97887
1785252701.593749,2026/07/28 15:31:41.593, 35.60, 0, 0, 97887
1785252701.793853,2026/07/28 15:31:41.793, 35.60, 0, 0, 97887
1785252701.993944,2026/07/28 15:31:41.993, 35.60, 0, 0, 97887
1785252702.194041,2026/07/28 15:31:42.193, 35.60, 0, 0, 97887
1785252702.394123,2026/07/28 15:31:42.394, 35.37, 0, 0, 97887
1785252702.594220,2026/07/28 15:31:42.594, 35.37, 0, 0, 97887
1785252702.794312,2026/07/28 15:31:42.794, 35.37, 0, 0, 97887
1785252702.994402,2026/07/28 15:31:42.994, 35.37, 0, 0, 97887
1785252703.194492,2026/07/28 15:31:43.194, 35.37, 0, 0, 97887
1785252703.394580,2026/07/28 15:31:43.394, 35.36, 0, 0, 97887
1785252703.594669,2026/07/28 15:31:43.594, 35.36, 0, 0, 97887
1785252703.794756,2026/07/28 15:31:43.794, 35.36, 0, 0, 97887
1785252703.994848,2026/07/28 15:31:43.994, 35.36, 0, 0, 97887
1785252704.194937,2026/07/28 15:31:44.194, 35.36, 0, 0, 97887
1785252704.395026,2026/07/28 15:31:44.394, 35.11, 0, 0, 97887
1785252704.595115,2026/07/28 15:31:44.595, 35.11, 0, 0, 97887
1785252704.795203,2026/07/28 15:31:44.795, 35.11, 0, 0, 97887
1785252704.995295,2026/07/28 15:31:44.995, 35.11, 0, 0, 97887
1785252705.195405,2026/07/28 15:31:45.195, 35.11, 0, 0, 97887
1785252705.395496,2026/07/28 15:31:45.395, 35.11, 0, 0, 97887
1785252705.595591,2026/07/28 15:31:45.595, 35.11, 0, 0, 97887
1785252705.795684,2026/07/28 15:31:45.795, 35.11, 0, 0, 97887
1785252705.995785,2026/07/28 15:31:45.995, 35.11, 0, 0, 97887
1785252706.195883,2026/07/28 15:31:46.195, 35.11, 0, 0, 97887
1785252706.395972,2026/07/28 15:31:46.395, 35.11, 0, 0, 97887
1785252706.596061,2026/07/28 15:31:46.596, 35.11, 0, 0, 97887
1785252706.796153,2026/07/28 15:31:46.796, 35.11, 0, 0, 97887
1785252706.996246,2026/07/28 15:31:46.996, 35.11, 0, 0, 97887
1785252707.196336,2026/07/28 15:31:47.196, 35.11, 0, 0, 97887
1785252707.396424,2026/07/28 15:31:47.396, 35.11, 0, 0, 97887
1785252707.596520,2026/07/28 15:31:47.596, 35.11, 0, 0, 97887
1785252707.796612,2026/07/28 15:31:47.796, 35.11, 0, 0, 97887
1785252707.996713,2026/07/28 15:31:47.996, 35.11, 0, 0, 97887
1785252708.196805,2026/07/28 15:31:48.196, 35.11, 0, 0, 97887
1785252708.396933,2026/07/28 15:31:48.396, 35.11, 0, 0, 97887
1785252708.597038,2026/07/28 15:31:48.596, 35.11, 0, 0, 97887
1785252708.797193,2026/07/28 15:31:48.797, 35.11, 0, 0, 97887
1785252708.997290,2026/07/28 15:31:48.997, 35.11, 0, 0, 97887
1785252709.197428,2026/07/28 15:31:49.197, 35.11, 0, 0, 97887
1785252709.397534,2026/07/28 15:31:49.397, 35.09, 0, 0, 97887
1785252709.597625,2026/07/28 15:31:49.597, 35.09, 0, 0, 97887
1785252709.797711,2026/07/28 15:31:49.797, 35.09, 0, 0, 97887
1785252709.997808,2026/07/28 15:31:49.997, 35.09, 0, 0, 97887
1785252710.197898,2026/07/28 15:31:50.197, 35.09, 0, 0, 97887
1785252710.397986,2026/07/28 15:31:50.397, 35.06, 0, 0, 97887
1785252710.598076,2026/07/28 15:31:50.598, 35.06, 0, 0, 97887
1785252710.798165,2026/07/28 15:31:50.798, 35.06, 0, 0, 97887
1785252710.998254,2026/07/28 15:31:50.998, 35.06, 0, 0, 97887
1785252711.198342,2026/07/28 15:31:51.198, 35.06, 0, 0, 97887
1785252711.398431,2026/07/28 15:31:51.398, 35.05, 0, 0, 97887
1785252711.598526,2026/07/28 15:31:51.598, 35.05, 0, 0, 97887
1785252711.798615,2026/07/28 15:31:51.798, 35.05, 0, 0, 97887
1785252711.998707,2026/07/28 15:31:51.998, 35.05, 0, 0, 97887
1785252712.198797,2026/07/28 15:31:52.198, 35.05, 0, 0, 97887
1785252712.398888,2026/07/28 15:31:52.398, 35.07, 0, 0, 97887
1785252712.598979,2026/07/28 15:31:52.598, 35.07, 0, 0, 97887
1785252712.799071,2026/07/28 15:31:52.799, 35.07, 0, 0, 97887
1785252712.999166,2026/07/28 15:31:52.999, 35.07, 0, 0, 97887
1785252713.199256,2026/07/28 15:31:53.199, 35.07, 0, 0, 97887
1785252713.399328,2026/07/28 15:31:53.399, 35.06, 0, 0, 97887
1785252713.599436,2026/07/28 15:31:53.599, 35.06, 0, 0, 97887
1785252713.799531,2026/07/28 15:31:53.799, 35.06, 0, 0, 97887
1785252713.999625,2026/07/28 15:31:53.999, 35.06, 0, 0, 97887
1785252714.199733,2026/07/28 15:31:54.199, 35.06, 0, 0, 97887
1785252714.399922,2026/07/28 15:31:54.399, 35.08, 0, 0, 97887
1785252714.600019,2026/07/28 15:31:54.599, 35.08, 0, 0, 97887
1785252714.800145,2026/07/28 15:31:54.800, 35.08, 0, 0, 97887
1785252715.000247,2026/07/28 15:31:55.000, 35.08, 0, 0, 97887
1785252715.200343,2026/07/28 15:31:55.200, 35.08, 0, 0, 97887
1785252715.400511,2026/07/28 15:31:55.400, 35.06, 0, 0, 97887
1785252715.600713,2026/07/28 15:31:55.600, 35.06, 0, 0, 97887
1785252715.800858,2026/07/28 15:31:55.800, 35.06, 0, 0, 97887
1785252716.000954,2026/07/28 15:31:56.000, 35.06, 0, 0, 97887
1785252716.201049,2026/07/28 15:31:56.201, 35.06, 0, 0, 97887
1785252716.401147,2026/07/28 15:31:56.401, 34.82, 0, 0, 97887
1785252716.601245,2026/07/28 15:31:56.601, 34.82, 0, 0, 97887
1785252716.801342,2026/07/28 15:31:56.801, 34.82, 0, 0, 97887
1785252717.001460,2026/07/28 15:31:57.001, 34.82, 0, 0, 97887
1785252717.201571,2026/07/28 15:31:57.201, 34.82, 0, 0, 97887
1785252717.401702,2026/07/28 15:31:57.401, 34.60, 0, 0, 97887
1785252717.601809,2026/07/28 15:31:57.601, 34.60, 0, 0, 97887
1785252717.801898,2026/07/28 15:31:57.801, 34.60, 0, 0, 97887
1785252718.002008,2026/07/28 15:31:58.001, 34.60, 0, 0, 97887
1785252718.202095,2026/07/28 15:31:58.202, 34.60, 0, 0, 97887
1785252718.402181,2026/07/28 15:31:58.402, 35.08, 0, 0, 97887
1785252718.602265,2026/07/28 15:31:58.602, 35.08, 0, 0, 97887
1785252718.802395,2026/07/28 15:31:58.802, 35.08, 0, 0, 97887
1785252719.002493,2026/07/28 15:31:59.002, 35.08, 0, 0, 97887
1785252719.202600,2026/07/28 15:31:59.202, 35.08, 0, 0, 97887
1785252719.402767,2026/07/28 15:31:59.402, 34.84, 0, 0, 97887
1785252719.602884,2026/07/28 15:31:59.602, 34.84, 0, 0, 97887
1785252719.802993,2026/07/28 15:31:59.802, 34.84, 0, 0, 97887
1785252720.003081,2026/07/28 15:32:00.003, 34.84, 0, 0, 97887
1785252720.203185,2026/07/28 15:32:00.203, 34.84, 0, 0, 97887
1785252720.403289,2026/07/28 15:32:00.403, 35.06, 0, 0, 97887
1785252720.603412,2026/07/28 15:32:00.603, 35.06, 0, 0, 97887
1785252720.803506,2026/07/28 15:32:00.803, 35.06, 0, 0, 97887
1785252721.003592,2026/07/28 15:32:01.003, 35.06, 0, 0, 97887
1785252721.203672,2026/07/28 15:32:01.203, 35.06, 0, 0, 97887
1785252721.403764,2026/07/28 15:32:01.403, 34.58, 0, 0, 97887
1785252721.603860,2026/07/28 15:32:01.603, 34.58, 0, 0, 97887
1785252721.803958,2026/07/28 15:32:01.803, 34.58, 0, 0, 97887
1785252722.004055,2026/07/28 15:32:02.004, 34.58, 0, 0, 97887
1785252722.204149,2026/07/28 15:32:02.204, 34.58, 0, 0, 97887
1785252722.404348,2026/07/28 15:32:02.404, 34.60, 0, 0, 97887
1785252722.604548,2026/07/28 15:32:02.604, 34.60, 0, 0, 97887
1785252722.804759,2026/07/28 15:32:02.804, 34.60, 0, 0, 97887
1785252723.004971,2026/07/28 15:32:03.004, 34.60, 0, 0, 97887
1785252723.205037,2026/07/28 15:32:03.204, 34.60, 0, 0, 97887
1785252723.405133,2026/07/28 15:32:03.405, 34.65, 0, 0, 97887
1785252723.605210,2026/07/28 15:32:03.605, 34.65, 0, 0, 97887
1785252723.805311,2026/07/28 15:32:03.805, 34.65, 0, 0, 97887
1785252724.005447,2026/07/28 15:32:04.005, 34.65, 0, 0, 97887
1785252724.205535,2026/07/28 15:32:04.205, 34.65, 0, 0, 97887
1785252724.405708,2026/07/28 15:32:04.405, 34.58, 0, 0, 97887
1785252724.605896,2026/07/28 15:32:04.605, 34.58, 0, 0, 97887
1785252724.806143,2026/07/28 15:32:04.805, 34.58, 0, 0, 97887
1785252725.006220,2026/07/28 15:32:05.006, 34.58, 0, 0, 97887
1785252725.206312,2026/07/28 15:32:05.206, 34.58, 0, 0, 97887
1785252725.406490,2026/07/28 15:32:05.406, 34.60, 0, 0, 97887
1785252725.606587,2026/07/28 15:32:05.606, 34.60, 0, 0, 97887
1785252725.806693,2026/07/28 15:32:05.806, 34.60, 0, 0, 97887
1785252726.006797,2026/07/28 15:32:06.006, 34.60, 0, 0, 97887
1785252726.206900,2026/07/28 15:32:06.206, 34.60, 0, 0, 97887
1785252726.406996,2026/07/28 15:32:06.406, 34.62, 0, 0, 97887
1785252726.607098,2026/07/28 15:32:06.607, 34.62, 0, 0, 97887
1785252726.807319,2026/07/28 15:32:06.807, 34.62, 0, 0, 97887
1785252727.007544,2026/07/28 15:32:07.007, 34.62, 0, 0, 97887
1785252727.207731,2026/07/28 15:32:07.207, 34.62, 0, 0, 97887
1785252727.407838,2026/07/28 15:32:07.407, 35.01, 0, 0, 97887
1785252727.607932,2026/07/28 15:32:07.607, 35.01, 0, 0, 97887
1785252727.808017,2026/07/28 15:32:07.807, 35.01, 0, 0, 97887
1785252728.008103,2026/07/28 15:32:08.008, 35.01, 0, 0, 97887
1785252728.208191,2026/07/28 15:32:08.208, 35.01, 0, 0, 97887
1785252728.408343,2026/07/28 15:32:08.408, 35.05, 0, 0, 97887
1785252728.608450,2026/07/28 15:32:08.608, 35.05, 0, 0, 97887
1785252728.808609,2026/07/28 15:32:08.808, 35.05, 0, 0, 97887
1785252729.008696,2026/07/28 15:32:09.008, 35.05, 0, 0, 97887
1785252729.208792,2026/07/28 15:32:09.208, 35.05, 0, 0, 97887
1785252729.408889,2026/07/28 15:32:09.408, 34.55, 0, 0, 97887
1785252729.608983,2026/07/28 15:32:09.608, 34.55, 0, 0, 97887
1785252729.809091,2026/07/28 15:32:09.809, 34.55, 0, 0, 97887
1785252730.009202,2026/07/28 15:32:10.009, 34.55, 0, 0, 97887
1785252730.209448,2026/07/28 15:32:10.209, 34.55, 0, 0, 97887
1785252730.409625,2026/07/28 15:32:10.409, 34.58, 0, 0, 97887
1785252730.610619,2026/07/28 15:32:10.609, 34.58, 0, 1, 97887
1785252730.810733,2026/07/28 15:32:10.810, 34.76, 0, 3, 97887
1785252731.010849,2026/07/28 15:32:11.010, 34.74, 0, 3, 97887
1785252731.210953,2026/07/28 15:32:11.210, 34.76, 0, 3, 97887
1785252731.411048,2026/07/28 15:32:11.411, 34.94, 0, 3, 97887
1785252731.611142,2026/07/28 15:32:11.611, 34.93, 0, 3, 97887
1785252731.811229,2026/07/28 15:32:11.811, 34.90, 0, 3, 97887
1785252732.011314,2026/07/28 15:32:12.011, 34.90, 0, 3, 97887
1785252732.211410,2026/07/28 15:32:12.211, 34.90, 0, 3, 97887
1785252732.411496,2026/07/28 15:32:12.411, 34.90, 0, 3, 97887
1785252732.611584,2026/07/28 15:32:12.611, 34.90, 0, 3, 97887
1785252732.811685,2026/07/28 15:32:12.811, 34.62, 0, 3, 97887
1785252733.011779,2026/07/28 15:32:13.011, 34.62, 0, 3, 97887
1785252733.211890,2026/07/28 15:32:13.211, 34.62, 0, 3, 97887
1785252733.412007,2026/07/28 15:32:13.411, 34.62, 0, 3, 97887
1785252733.612100,2026/07/28 15:32:13.612, 34.62, 0, 3, 97887
1785252733.812189,2026/07/28 15:32:13.812, 34.65, 0, 3, 97887
1785252734.012285,2026/07/28 15:32:14.012, 34.65, 0, 3, 97887
1785252734.212406,2026/07/28 15:32:14.212, 34.65, 0, 3, 97887
1785252734.412493,2026/07/28 15:32:14.412, 34.65, 0, 3, 97887
1785252734.612588,2026/07/28 15:32:14.612, 34.65, 0, 3, 97887
1785252734.812678,2026/07/28 15:32:14.812, 34.66, 0, 3, 97887
1785252735.012882,2026/07/28 15:32:15.012, 34.66, 0, 3, 97887
1785252735.213041,2026/07/28 15:32:15.212, 34.66, 0, 3, 97887
1785252735.413256,2026/07/28 15:32:15.413, 34.66, 0, 3, 97887
1785252735.613408,2026/07/28 15:32:15.613, 34.66, 0, 3, 97887
1785252735.813608,2026/07/28 15:32:15.813, 34.71, 0, 3, 97887
1785252736.013766,2026/07/28 15:32:16.013, 34.71, 0, 3, 97887
1785252736.213835,2026/07/28 15:32:16.213, 34.71, 0, 3, 97887
1785252736.413930,2026/07/28 15:32:16.413, 34.71, 0, 3, 97887
1785252736.614016,2026/07/28 15:32:16.613, 34.71, 0, 3, 97887
1785252736.814114,2026/07/28 15:32:16.814, 34.68, 0, 3, 97887
1785252737.014203,2026/07/28 15:32:17.014, 34.68, 0, 3, 97887
1785252737.214293,2026/07/28 15:32:17.214, 34.68, 0, 3, 97887
1785252737.414440,2026/07/28 15:32:17.414, 34.68, 0, 3, 97887
1785252737.614529,2026/07/28 15:32:17.614, 34.68, 0, 3, 97887
1785252737.814618,2026/07/28 15:32:17.814, 34.65, 0, 3, 97887
1785252738.014734,2026/07/28 15:32:18.014, 34.65, 0, 3, 97887
1785252738.214813,2026/07/28 15:32:18.214, 34.65, 0, 3, 97887
1785252738.414908,2026/07/28 15:32:18.414, 34.65, 0, 3, 97887
1785252738.615007,2026/07/28 15:32:18.614, 34.65, 0, 3, 97887
1785252738.815081,2026/07/28 15:32:18.815, 34.60, 0, 3, 97887
1785252739.015185,2026/07/28 15:32:19.015, 34.60, 0, 3, 97887
1785252739.215292,2026/07/28 15:32:19.215, 34.60, 0, 3, 97887
1785252739.415404,2026/07/28 15:32:19.415, 34.60, 0, 3, 97887
1785252739.615520,2026/07/28 15:32:19.615, 34.60, 0, 3, 97887
1785252739.815609,2026/07/28 15:32:19.815, 34.63, 0, 3, 97887
1785252740.016622,2026/07/28 15:32:20.015, 34.63, 0, 3, 97887
1785252740.216710,2026/07/28 15:32:20.216, 34.63, 0, 3, 97887
1785252740.416802,2026/07/28 15:32:20.416, 34.63, 0, 3, 97887
1785252740.616920,2026/07/28 15:32:20.616, 34.63, 0, 3, 97887
1785252740.817034,2026/07/28 15:32:20.816, 34.60, 0, 3, 97887
1785252741.017138,2026/07/28 15:32:21.017, 34.60, 0, 3, 97887
1785252741.217324,2026/07/28 15:32:21.217, 34.60, 0, 3, 97887
1785252741.417532,2026/07/28 15:32:21.417, 34.60, 0, 3, 97887
1785252741.617694,2026/07/28 15:32:21.617, 34.60, 0, 3, 97887
1785252741.817780,2026/07/28 15:32:21.817, 34.38, 0, 3, 97887
1785252742.017880,2026/07/28 15:32:22.017, 34.38, 0, 3, 97887
1785252742.218005,2026/07/28 15:32:22.217, 34.38, 0, 3, 97887
1785252742.418122,2026/07/28 15:32:22.418, 34.38, 0, 3, 97887
1785252742.618199,2026/07/28 15:32:22.618, 34.62, 0, 3, 97887
1785252742.818285,2026/07/28 15:32:22.818, 34.62, 0, 3, 97887
1785252743.018400,2026/07/28 15:32:23.018, 34.62, 0, 3, 97887
1785252743.218496,2026/07/28 15:32:23.218, 34.62, 0, 3, 97887
1785252743.418585,2026/07/28 15:32:23.418, 34.62, 0, 3, 97887
1785252743.618673,2026/07/28 15:32:23.618, 34.40, 0, 3, 97887
1785252743.818761,2026/07/28 15:32:23.818, 34.40, 0, 3, 97887
1785252744.018853,2026/07/28 15:32:24.018, 34.40, 0, 3, 97887
1785252744.218956,2026/07/28 15:32:24.218, 34.40, 0, 3, 97887
1785252744.419050,2026/07/28 15:32:24.419, 34.40, 0, 3, 97887
1785252744.619134,2026/07/28 15:32:24.619, 34.62, 0, 3, 97887
1785252744.819221,2026/07/28 15:32:24.819, 34.62, 0, 3, 97887
1785252745.019306,2026/07/28 15:32:25.019, 34.62, 0, 3, 97887
1785252745.219413,2026/07/28 15:32:25.219, 34.62, 0, 3, 97887
1785252745.419505,2026/07/28 15:32:25.419, 34.62, 0, 3, 97887
1785252745.619594,2026/07/28 15:32:25.619, 34.37, 0, 3, 97887
1785252745.819684,2026/07/28 15:32:25.819, 34.37, 0, 3, 97887
1785252746.019783,2026/07/28 15:32:26.019, 34.37, 0, 3, 97887
1785252746.219870,2026/07/28 15:32:26.219, 34.37, 0, 3, 97887
1785252746.419958,2026/07/28 15:32:26.419, 34.37, 0, 3, 97887
1785252746.620044,2026/07/28 15:32:26.620, 34.14, 0, 3, 97887
1785252746.820132,2026/07/28 15:32:26.820, 34.14, 0, 3, 97887
1785252747.020222,2026/07/28 15:32:27.020, 34.14, 0, 3, 97887
1785252747.220443,2026/07/28 15:32:27.220, 34.14, 0, 3, 97887
1785252747.420534,2026/07/28 15:32:27.420, 34.14, 0, 3, 97887
1785252747.620631,2026/07/28 15:32:27.620, 34.33, 0, 3, 97887
1785252747.820752,2026/07/28 15:32:27.820, 34.33, 0, 3, 97887
1785252748.020844,2026/07/28 15:32:28.020, 34.33, 0, 3, 97887
1785252748.220936,2026/07/28 15:32:28.220, 34.33, 0, 3, 97887
1785252748.421168,2026/07/28 15:32:28.421, 34.33, 0, 3, 97887
1785252748.621307,2026/07/28 15:32:28.621, 34.35, 0, 3, 97887
1785252748.821414,2026/07/28 15:32:28.821, 34.35, 0, 3, 97887
1785252749.021501,2026/07/28 15:32:29.021, 34.35, 0, 3, 97887
1785252749.221589,2026/07/28 15:32:29.221, 34.35, 0, 3, 97887
1785252749.421693,2026/07/28 15:32:29.421, 34.35, 0, 3, 97887
1785252749.621805,2026/07/28 15:32:29.621, 34.60, 0, 3, 97887
1785252749.821912,2026/07/28 15:32:29.821, 34.60, 0, 3, 97887
1785252750.021987,2026/07/28 15:32:30.021, 34.60, 0, 3, 97887
1785252750.222090,2026/07/28 15:32:30.222, 34.60, 0, 3, 97887
1785252750.422180,2026/07/28 15:32:30.422, 34.60, 0, 3, 97887
1785252750.622272,2026/07/28 15:32:30.622, 34.36, 0, 3, 97887
1785252750.822390,2026/07/28 15:32:30.822, 34.36, 0, 3, 97887
1785252751.022487,2026/07/28 15:32:31.022, 34.36, 0, 3, 97887
1785252751.222580,2026/07/28 15:32:31.222, 34.36, 0, 3, 97887
1785252751.422676,2026/07/28 15:32:31.422, 34.36, 0, 3, 97887
1785252751.622763,2026/07/28 15:32:31.622, 34.57, 0, 3, 97887
1785252751.822869,2026/07/28 15:32:31.822, 34.57, 0, 3, 97887
1785252752.022970,2026/07/28 15:32:32.022, 34.57, 0, 3, 97887
1785252752.223068,2026/07/28 15:32:32.223, 34.57, 0, 3, 97887
1785252752.423158,2026/07/28 15:32:32.423, 34.57, 0, 3, 97887
1785252752.623256,2026/07/28 15:32:32.623, 34.35, 0, 3, 97887
1785252752.823346,2026/07/28 15:32:32.823, 34.35, 0, 3, 97887
1785252753.023557,2026/07/28 15:32:33.023, 34.35, 0, 3, 97887
1785252753.223723,2026/07/28 15:32:33.223, 34.35, 0, 3, 97887
1785252753.423808,2026/07/28 15:32:33.423, 34.35, 0, 3, 97887
1785252753.623902,2026/07/28 15:32:33.623, 34.08, 0, 3, 97887
1785252753.824013,2026/07/28 15:32:33.823, 34.08, 0, 3, 97887
1785252754.024096,2026/07/28 15:32:34.024, 34.08, 0, 3, 97887
1785252754.224183,2026/07/28 15:32:34.224, 34.08, 0, 3, 97887
1785252754.424279,2026/07/28 15:32:34.424, 34.08, 0, 3, 97887
1785252754.624387,2026/07/28 15:32:34.624, 34.14, 0, 3, 97887
1785252754.824478,2026/07/28 15:32:34.824, 34.14, 0, 3, 97887
1785252755.024580,2026/07/28 15:32:35.024, 34.14, 0, 3, 97887
1785252755.224674,2026/07/28 15:32:35.224, 34.14, 0, 3, 97887
1785252755.424761,2026/07/28 15:32:35.424, 34.14, 0, 3, 97887
1785252755.624859,2026/07/28 15:32:35.624, 34.12, 0, 3, 97887
1785252755.824950,2026/07/28 15:32:35.824, 34.12, 0, 3, 97887
1785252756.025037,2026/07/28 15:32:36.024, 34.12, 0, 3, 97887
1785252756.225199,2026/07/28 15:32:36.225, 34.12, 0, 3, 97887
1785252756.425400,2026/07/28 15:32:36.425, 34.12, 0, 3, 97887
1785252756.625547,2026/07/28 15:32:36.625, 34.12, 0, 3, 97887
1785252756.838557,2026/07/28 15:32:36.838, 34.12, 0, 3, 97887
1785252757.038625,2026/07/28 15:32:37.038, 34.12, 0, 3, 97887
1785252757.238714,2026/07/28 15:32:37.238, 34.12, 0, 3, 97887
1785252757.438808,2026/07/28 15:32:37.438, 34.12, 0, 3, 97887
1785252757.638901,2026/07/28 15:32:37.638, 44.31, 0, 39, 97887
1785252757.838994,2026/07/28 15:32:37.838, 59.37, 2, 559, 97887
1785252758.039087,2026/07/28 15:32:38.039, 62.76, 0, 561, 97887
1785252758.239177,2026/07/28 15:32:38.239, 65.29, 0, 561, 97887
1785252758.439266,2026/07/28 15:32:38.439, 67.31, 0, 561, 97887
1785252758.639393,2026/07/28 15:32:38.639, 83.24, 0, 561, 97887
1785252758.839462,2026/07/28 15:32:38.839, 83.13, 0, 561, 97887
1785252759.039551,2026/07/28 15:32:39.039, 83.13, 0, 561, 97887
1785252759.239650,2026/07/28 15:32:39.239, 83.13, 0, 561, 97887
1785252759.439738,2026/07/28 15:32:39.439, 83.13, 0, 561, 97887
1785252759.639828,2026/07/28 15:32:39.639, 83.13, 0, 561, 97887
1785252759.839921,2026/07/28 15:32:39.839, 83.13, 0, 561, 97887
1785252760.040010,2026/07/28 15:32:40.039, 82.73, 0, 561, 97887
1785252760.240128,2026/07/28 15:32:40.240, 82.73, 0, 561, 97887
1785252760.440224,2026/07/28 15:32:40.440, 82.73, 0, 561, 97887
1785252760.640319,2026/07/28 15:32:40.640, 82.73, 0, 561, 97887
1785252760.840420,2026/07/28 15:32:40.840, 82.73, 0, 561, 97887
1785252761.040509,2026/07/28 15:32:41.040, 83.11, 0, 561, 97887
1785252761.240650,2026/07/28 15:32:41.240, 83.11, 0, 561, 97887
1785252761.440813,2026/07/28 15:32:41.440, 83.11, 0, 561, 97887
1785252761.640915,2026/07/28 15:32:41.640, 83.11, 0, 561, 97887
1785252761.841083,2026/07/28 15:32:41.840, 83.11, 0, 561, 97887
1785252762.041162,2026/07/28 15:32:42.041, 83.17, 0, 561, 97887
1785252762.241334,2026/07/28 15:32:42.241, 83.17, 0, 561, 97887
1785252762.441425,2026/07/28 15:32:42.441, 83.17, 0, 561, 97887
1785252762.641516,2026/07/28 15:32:42.641, 83.17, 0, 561, 97887
1785252762.841606,2026/07/28 15:32:42.841, 83.17, 0, 561, 97887
1785252763.041675,2026/07/28 15:32:43.041, 83.09, 0, 561, 97887
1785252763.241775,2026/07/28 15:32:43.241, 83.09, 0, 561, 97887
1785252763.441865,2026/07/28 15:32:43.441, 83.09, 0, 561, 97887
1785252763.641953,2026/07/28 15:32:43.641, 83.09, 0, 561, 97887
1785252763.842043,2026/07/28 15:32:43.842, 83.09, 0, 561, 97887
1785252764.042130,2026/07/28 15:32:44.042, 82.69, 0, 561, 97887
1785252764.242218,2026/07/28 15:32:44.242, 82.69, 0, 561, 97887
1785252764.442310,2026/07/28 15:32:44.442, 82.69, 0, 561, 97887
1785252764.642495,2026/07/28 15:32:44.642, 82.69, 0, 561, 97887
1785252764.842704,2026/07/28 15:32:44.842, 82.69, 0, 561, 97887
1785252765.042852,2026/07/28 15:32:45.042, 82.96, 0, 561, 97887
1785252765.242924,2026/07/28 15:32:45.242, 82.96, 0, 561, 97887
1785252765.443026,2026/07/28 15:32:45.442, 82.96, 0, 561, 97887
1785252765.643110,2026/07/28 15:32:45.643, 82.96, 0, 561, 97887
1785252765.843262,2026/07/28 15:32:45.843, 82.96, 0, 561, 97887
1785252766.043401,2026/07/28 15:32:46.043, 83.01, 0, 561, 97887
1785252766.243451,2026/07/28 15:32:46.243, 83.01, 0, 561, 97887
1785252766.443548,2026/07/28 15:32:46.443, 83.01, 0, 561, 97887
1785252766.643634,2026/07/28 15:32:46.643, 83.01, 0, 561, 97887
1785252766.843726,2026/07/28 15:32:46.843, 83.01, 0, 561, 97887
1785252767.043825,2026/07/28 15:32:47.043, 82.58, 0, 561, 97887
1785252767.243915,2026/07/28 15:32:47.243, 82.58, 0, 561, 97887
1785252767.444001,2026/07/28 15:32:47.443, 82.58, 0, 561, 97887
1785252767.644094,2026/07/28 15:32:47.644, 82.58, 0, 561, 97887
1785252767.844189,2026/07/28 15:32:47.844, 82.58, 0, 561, 97887
1785252768.044281,2026/07/28 15:32:48.044, 83.76, 0, 561, 97887
1785252768.244368,2026/07/28 15:32:48.244, 83.76, 0, 561, 97887
1785252768.444459,2026/07/28 15:32:48.444, 83.76, 0, 561, 97887
1785252768.644547,2026/07/28 15:32:48.644, 83.76, 0, 561, 97887
1785252768.844638,2026/07/28 15:32:48.844, 83.76, 0, 561, 97887
1785252769.044728,2026/07/28 15:32:49.044, 83.41, 0, 561, 97887
1785252769.244818,2026/07/28 15:32:49.244, 83.41, 0, 561, 97887
1785252769.444913,2026/07/28 15:32:49.444, 83.41, 0, 561, 97887
1785252769.645008,2026/07/28 15:32:49.644, 83.41, 0, 561, 97887
1785252769.845095,2026/07/28 15:32:49.845, 83.41, 0, 561, 97887
1785252770.045193,2026/07/28 15:32:50.045, 82.58, 0, 561, 97887
1785252770.245283,2026/07/28 15:32:50.245, 82.58, 0, 561, 97887
1785252770.445396,2026/07/28 15:32:50.445, 82.58, 0, 561, 97887
1785252770.645486,2026/07/28 15:32:50.645, 82.58, 0, 561, 97887
1785252770.845576,2026/07/28 15:32:50.845, 82.58, 0, 561, 97887
1785252771.045671,2026/07/28 15:32:51.045, 82.58, 0, 561, 97887
1785252771.245763,2026/07/28 15:32:51.245, 82.58, 0, 561, 97887
1785252771.445860,2026/07/28 15:32:51.445, 82.58, 0, 561, 97887
1785252771.645952,2026/07/28 15:32:51.645, 82.58, 0, 561, 97887
1785252771.846040,2026/07/28 15:32:51.846, 82.58, 0, 561, 97887
1785252772.046128,2026/07/28 15:32:52.046, 82.84, 0, 561, 97887
1785252772.246216,2026/07/28 15:32:52.246, 82.84, 0, 561, 97887
1785252772.446307,2026/07/28 15:32:52.446, 82.84, 0, 561, 97887
1785252772.646442,2026/07/28 15:32:52.646, 82.84, 0, 561, 97887
1785252772.846587,2026/07/28 15:32:52.846, 82.84, 0, 561, 97887
1785252773.046711,2026/07/28 15:32:53.046, 82.64, 0, 561, 97887
1785252773.246966,2026/07/28 15:32:53.246, 82.64, 0, 561, 97887
1785252773.447068,2026/07/28 15:32:53.446, 82.64, 0, 561, 97887
1785252773.647197,2026/07/28 15:32:53.647, 82.64, 0, 561, 97887
1785252773.847285,2026/07/28 15:32:53.847, 82.64, 0, 561, 97887
1785252774.047412,2026/07/28 15:32:54.047, 82.26, 0, 561, 97887
1785252774.247506,2026/07/28 15:32:54.247, 82.26, 0, 561, 97887
1785252774.447603,2026/07/28 15:32:54.447, 82.26, 0, 561, 97887
1785252774.647703,2026/07/28 15:32:54.647, 82.26, 0, 561, 97887
1785252774.847805,2026/07/28 15:32:54.847, 82.26, 0, 561, 97887
1785252775.047896,2026/07/28 15:32:55.047, 82.50, 0, 561, 97887
1785252775.248081,2026/07/28 15:32:55.247, 82.50, 0, 561, 97887
1785252775.448147,2026/07/28 15:32:55.448, 82.50, 0, 561, 97887
1785252775.648354,2026/07/28 15:32:55.648, 82.50, 0, 561, 97887
1785252775.848503,2026/07/28 15:32:55.848, 82.50, 0, 561, 97887
1785252776.048584,2026/07/28 15:32:56.048, 82.53, 0, 561, 97887
1785252776.248686,2026/07/28 15:32:56.248, 82.53, 0, 561, 97887
1785252776.448790,2026/07/28 15:32:56.448, 82.53, 0, 561, 97887
1785252776.648897,2026/07/28 15:32:56.648, 82.53, 0, 561, 97887
1785252776.848998,2026/07/28 15:32:56.848, 82.53, 0, 561, 97887
1785252777.049133,2026/07/28 15:32:57.049, 82.20, 0, 561, 97887
1785252777.249250,2026/07/28 15:32:57.249, 82.20, 0, 561, 97887
1785252777.449384,2026/07/28 15:32:57.449, 82.20, 0, 1955, 97887
1785252777.649469,2026/07/28 15:32:57.649, 84.04, 48, 4859, 97887
1785252777.849692,2026/07/28 15:32:57.849, 84.28, 13, 6683, 97887
1785252778.049925,2026/07/28 15:32:58.049, 87.99, 35, 10095, 97887
1785252778.250072,2026/07/28 15:32:58.249, 87.26, 5, 10095, 97887
1785252778.450138,2026/07/28 15:32:58.450, 86.71, 0, 10095, 97887
1785252778.650239,2026/07/28 15:32:58.650, 86.11, 0, 10095, 97887
1785252778.850332,2026/07/28 15:32:58.850, 85.48, 0, 10095, 97887
1785252779.050418,2026/07/28 15:32:59.050, 84.24, 0, 10095, 97887
1785252779.250510,2026/07/28 15:32:59.250, 84.24, 0, 10095, 97887
1785252779.450616,2026/07/28 15:32:59.450, 84.24, 0, 10095, 97887
1785252779.650713,2026/07/28 15:32:59.650, 84.24, 0, 10095, 97887
1785252779.850813,2026/07/28 15:32:59.850, 84.24, 0, 10095, 97887
1785252780.050919,2026/07/28 15:33:00.050, 83.17, 0, 10095, 97887
1785252780.251031,2026/07/28 15:33:00.250, 83.17, 0, 10095, 97887
1785252780.451141,2026/07/28 15:33:00.451, 83.17, 0, 10095, 97887
1785252780.651238,2026/07/28 15:33:00.651, 83.17, 0, 10095, 97887
1785252780.851351,2026/07/28 15:33:00.851, 83.17, 0, 10095, 97887
1785252781.051457,2026/07/28 15:33:01.051, 83.01, 0, 10095, 97887
1785252781.251573,2026/07/28 15:33:01.251, 83.01, 0, 10095, 97887
1785252781.451713,2026/07/28 15:33:01.451, 83.01, 0, 10095, 97887
1785252781.651910,2026/07/28 15:33:01.651, 83.01, 0, 10095, 97887
1785252781.852042,2026/07/28 15:33:01.851, 83.01, 0, 10095, 97887
1785252782.052132,2026/07/28 15:33:02.052, 82.75, 0, 10095, 97887
1785252782.252217,2026/07/28 15:33:02.252, 82.75, 0, 10095, 97887
1785252782.452314,2026/07/28 15:33:02.452, 82.75, 0, 10095, 97887
1785252782.652448,2026/07/28 15:33:02.652, 82.75, 0, 10095, 97887
1785252782.852546,2026/07/28 15:33:02.852, 82.75, 0, 10095, 97887
1785252783.052625,2026/07/28 15:33:03.052, 82.67, 0, 10095, 97887
1785252783.252722,2026/07/28 15:33:03.252, 82.67, 0, 10095, 97887
1785252783.452814,2026/07/28 15:33:03.452, 82.67, 0, 10095, 97887
1785252783.652905,2026/07/28 15:33:03.652, 82.67, 0, 10095, 97887
1785252783.852991,2026/07/28 15:33:03.852, 82.67, 0, 10095, 97887
1785252784.053077,2026/07/28 15:33:04.053, 82.15, 0, 10095, 97887
1785252784.253165,2026/07/28 15:33:04.253, 82.15, 0, 10095, 97887
1785252784.453252,2026/07/28 15:33:04.453, 82.15, 0, 10095, 97887
1785252784.653333,2026/07/28 15:33:04.653, 82.15, 0, 10095, 97887
1785252784.853428,2026/07/28 15:33:04.853, 82.15, 0, 10095, 97887
1785252785.053519,2026/07/28 15:33:05.053, 82.45, 0, 10095, 97887
1785252785.253629,2026/07/28 15:33:05.253, 82.45, 0, 10095, 97887
1785252785.453722,2026/07/28 15:33:05.453, 82.45, 0, 10095, 97887
1785252785.653808,2026/07/28 15:33:05.653, 82.45, 0, 10095, 97887
1785252785.853929,2026/07/28 15:33:05.853, 82.45, 0, 10095, 97887
1785252786.054060,2026/07/28 15:33:06.053, 82.37, 0, 10095, 97887
1785252786.254190,2026/07/28 15:33:06.254, 82.37, 0, 10095, 97887
1785252786.454378,2026/07/28 15:33:06.454, 82.37, 0, 10095, 97887
1785252786.654600,2026/07/28 15:33:06.654, 82.37, 0, 10095, 97887
1785252786.854747,2026/07/28 15:33:06.854, 82.37, 0, 10095, 97887
1785252787.054941,2026/07/28 15:33:07.054, 82.48, 0, 10095, 97887
1785252787.255142,2026/07/28 15:33:07.254, 82.48, 0, 10095, 97887
1785252787.455223,2026/07/28 15:33:07.455, 82.48, 0, 10095, 97887
1785252787.655320,2026/07/28 15:33:07.655, 82.48, 0, 10095, 97887
1785252787.855411,2026/07/28 15:33:07.855, 82.48, 0, 10095, 97887
1785252788.055515,2026/07/28 15:33:08.055, 83.58, 0, 10095, 97887
1785252788.255617,2026/07/28 15:33:08.255, 83.58, 0, 10095, 97887
1785252788.455713,2026/07/28 15:33:08.455, 83.58, 0, 10095, 97887
1785252788.655812,2026/07/28 15:33:08.655, 83.58, 0, 10095, 97887
1785252788.855979,2026/07/28 15:33:08.855, 83.58, 0, 10095, 97887
1785252789.056059,2026/07/28 15:33:09.056, 82.37, 0, 10095, 97887
1785252789.256220,2026/07/28 15:33:09.256, 82.37, 0, 10095, 97887
1785252789.456404,2026/07/28 15:33:09.456, 82.37, 0, 10095, 97887
1785252789.656469,2026/07/28 15:33:09.656, 82.37, 0, 10095, 97887
1785252789.856572,2026/07/28 15:33:09.856, 82.37, 0, 10095, 97887
1785252790.056676,2026/07/28 15:33:10.056, 82.88, 0, 10095, 97887
1785252790.256762,2026/07/28 15:33:10.256, 82.88, 0, 10095, 97887
1785252790.456869,2026/07/28 15:33:10.456, 82.88, 0, 10095, 97887
1785252790.656964,2026/07/28 15:33:10.656, 82.88, 0, 10095, 97887
1785252790.857055,2026/07/28 15:33:10.857, 82.88, 0, 10095, 97887
1785252791.057146,2026/07/28 15:33:11.057, 83.82, 0, 10095, 97887
1785252791.257231,2026/07/28 15:33:11.257, 83.82, 0, 10095, 97887
1785252791.457349,2026/07/28 15:33:11.457, 83.82, 0, 10095, 97887
1785252791.657414,2026/07/28 15:33:11.657, 83.82, 0, 10095, 97887
1785252791.857603,2026/07/28 15:33:11.857, 83.82, 0, 10095, 97887
1785252792.057780,2026/07/28 15:33:12.057, 83.82, 0, 10095, 97887
1785252792.257936,2026/07/28 15:33:12.257, 83.82, 0, 10095, 97887
1785252792.458023,2026/07/28 15:33:12.457, 83.82, 0, 10095, 97887
1785252792.658126,2026/07/28 15:33:12.658, 83.82, 0, 10095, 97887
1785252792.858215,2026/07/28 15:33:12.858, 83.82, 0, 10095, 97887
1785252793.058306,2026/07/28 15:33:13.058, 83.34, 0, 10095, 97887
1785252793.258419,2026/07/28 15:33:13.258, 83.34, 0, 10095, 97887
1785252793.458520,2026/07/28 15:33:13.458, 83.34, 0, 10095, 97887
1785252793.658615,2026/07/28 15:33:13.658, 83.34, 0, 10095, 97887
1785252793.858705,2026/07/28 15:33:13.858, 83.34, 0, 10095, 97887
1785252794.058816,2026/07/28 15:33:14.058, 83.28, 0, 10095, 97887
1785252794.258912,2026/07/28 15:33:14.258, 83.28, 0, 10095, 97887
1785252794.458999,2026/07/28 15:33:14.458, 83.28, 0, 10095, 97887
1785252794.659094,2026/07/28 15:33:14.659, 83.28, 0, 10095, 97887
1785252794.859199,2026/07/28 15:33:14.859, 83.28, 0, 10095, 97887
1785252795.059304,2026/07/28 15:33:15.059, 83.28, 0, 10095, 97887
1785252795.259493,2026/07/28 15:33:15.259, 83.28, 0, 10095, 97887
1785252795.459578,2026/07/28 15:33:15.459, 83.28, 0, 10095, 97887
1785252795.659736,2026/07/28 15:33:15.659, 83.28, 0, 10095, 97887
1785252795.859832,2026/07/28 15:33:15.859, 83.28, 0, 10095, 97887
1785252796.059940,2026/07/28 15:33:16.059, 83.22, 0, 10095, 97887
1785252796.260072,2026/07/28 15:33:16.260, 83.22, 0, 10095, 97887
1785252796.460185,2026/07/28 15:33:16.460, 83.22, 0, 10095, 97887
1785252796.660284,2026/07/28 15:33:16.660, 83.22, 0, 10095, 97887
1785252796.860408,2026/07/28 15:33:16.860, 83.22, 0, 10095, 97887
1785252797.060513,2026/07/28 15:33:17.060, 83.22, 0, 10095, 97887
1785252797.260630,2026/07/28 15:33:17.260, 83.22, 0, 10095, 97887
1785252797.460717,2026/07/28 15:33:17.460, 83.22, 0, 10095, 97887
1785252797.660827,2026/07/28 15:33:17.660, 83.22, 0, 10095, 97887
1785252797.860923,2026/07/28 15:33:17.860, 83.22, 0, 10095, 97887
1785252798.061023,2026/07/28 15:33:18.060, 82.90, 0, 10095, 97887
1785252798.261111,2026/07/28 15:33:18.261, 82.90, 0, 10095, 97887
1785252798.461187,2026/07/28 15:33:18.461, 82.90, 0, 10095, 97887
1785252798.661315,2026/07/28 15:33:18.661, 82.90, 0, 10095, 97887
1785252798.861517,2026/07/28 15:33:18.861, 82.90, 0, 10095, 97887
1785252799.061722,2026/07/28 15:33:19.061, 82.58, 0, 10095, 97887
1785252799.262007,2026/07/28 15:33:19.261, 82.58, 0, 10095, 97887
1785252799.462270,2026/07/28 15:33:19.462, 82.58, 0, 10095, 97887
1785252799.666413,2026/07/28 15:33:19.662, 82.58, 0, 10095, 97887
1785252799.863837,2026/07/28 15:33:19.863, 82.58, 0, 10095, 97887
1785252800.063968,2026/07/28 15:33:20.063, 82.66, 0, 10095, 97887
1785252800.264103,2026/07/28 15:33:20.264, 82.66, 0, 10603, 97887
1785252800.464253,2026/07/28 15:33:20.464, 83.97, 45, 15467, 97887
1785252800.664385,2026/07/28 15:33:20.664, 85.20, 50, 19451, 97887
1785252800.864522,2026/07/28 15:33:20.864, 85.48, 26, 19587, 97887
1785252801.064595,2026/07/28 15:33:21.064, 87.82, 0, 19587, 97887
1785252801.264695,2026/07/28 15:33:21.264, 87.06, 0, 19587, 97887
1785252801.464788,2026/07/28 15:33:21.464, 86.35, 0, 19587, 97887
1785252801.664886,2026/07/28 15:33:21.664, 84.19, 0, 19587, 97887
1785252801.864988,2026/07/28 15:33:21.864, 84.19, 0, 19587, 97887
1785252802.065081,2026/07/28 15:33:22.065, 84.19, 0, 19587, 97887
1785252802.265196,2026/07/28 15:33:22.265, 84.19, 0, 19587, 97887
1785252802.465283,2026/07/28 15:33:22.465, 84.19, 0, 19587, 97887
1785252802.665415,2026/07/28 15:33:22.665, 82.32, 0, 19587, 97887
1785252802.865510,2026/07/28 15:33:22.865, 82.32, 0, 19587, 97887
1785252803.065597,2026/07/28 15:33:23.065, 82.32, 0, 19587, 97887
1785252803.265689,2026/07/28 15:33:23.265, 82.32, 0, 19587, 97887
1785252803.465783,2026/07/28 15:33:23.465, 82.32, 0, 19587, 97887
1785252803.665865,2026/07/28 15:33:23.665, 83.28, 0, 19587, 97887
1785252803.865983,2026/07/28 15:33:23.865, 83.28, 0, 19587, 97887
1785252804.066063,2026/07/28 15:33:24.066, 83.28, 0, 19587, 97887
1785252804.266159,2026/07/28 15:33:24.266, 83.28, 0, 19587, 97887
1785252804.466418,2026/07/28 15:33:24.466, 83.28, 0, 19587, 97887
1785252804.666582,2026/07/28 15:33:24.666, 83.31, 0, 19587, 97887
1785252804.866661,2026/07/28 15:33:24.866, 83.31, 0, 19587, 97887
1785252805.066762,2026/07/28 15:33:25.066, 83.31, 0, 19587, 97887
1785252805.266860,2026/07/28 15:33:25.266, 83.31, 0, 19587, 97887
1785252805.466944,2026/07/28 15:33:25.466, 83.31, 0, 19587, 97887
1785252805.667033,2026/07/28 15:33:25.666, 83.28, 0, 19587, 97887
1785252805.867122,2026/07/28 15:33:25.867, 83.28, 0, 19587, 97887
1785252806.067215,2026/07/28 15:33:26.067, 83.28, 0, 19587, 97887
1785252806.267308,2026/07/28 15:33:26.267, 83.28, 0, 19587, 97887
1785252806.467412,2026/07/28 15:33:26.467, 83.28, 0, 19587, 97887
1785252806.667497,2026/07/28 15:33:26.667, 83.28, 0, 19587, 97887
1785252806.867590,2026/07/28 15:33:26.867, 83.28, 0, 19587, 97887
1785252807.067863,2026/07/28 15:33:27.067, 83.28, 0, 19587, 97887
1785252807.267965,2026/07/28 15:33:27.267, 83.28, 0, 19587, 97887
1785252807.468062,2026/07/28 15:33:27.468, 83.28, 0, 19587, 97887
1785252807.668155,2026/07/28 15:33:27.668, 83.28, 0, 19587, 97887
1785252807.868250,2026/07/28 15:33:27.868, 83.28, 0, 19587, 97887
1785252808.068337,2026/07/28 15:33:28.068, 83.28, 0, 19587, 97887
1785252808.268426,2026/07/28 15:33:28.268, 83.28, 0, 19587, 97887
1785252808.468527,2026/07/28 15:33:28.468, 83.28, 0, 19587, 97887
1785252808.668616,2026/07/28 15:33:28.668, 83.76, 0, 19587, 97887
1785252808.868707,2026/07/28 15:33:28.868, 83.76, 0, 19587, 97887
1785252809.068799,2026/07/28 15:33:29.068, 83.76, 0, 19587, 97887
1785252809.268888,2026/07/28 15:33:29.268, 83.76, 0, 19587, 97887
1785252809.468980,2026/07/28 15:33:29.468, 83.76, 0, 19587, 97887
1785252809.669068,2026/07/28 15:33:29.669, 83.52, 0, 19587, 97887
1785252809.869154,2026/07/28 15:33:29.869, 83.52, 0, 19587, 97887
1785252810.069244,2026/07/28 15:33:30.069, 83.52, 0, 19587, 97887
1785252810.269341,2026/07/28 15:33:30.269, 83.52, 0, 19587, 97887
1785252810.469425,2026/07/28 15:33:30.469, 83.52, 0, 19587, 97887
1785252810.669519,2026/07/28 15:33:30.669, 82.80, 0, 19587, 97887
1785252810.869614,2026/07/28 15:33:30.869, 82.80, 0, 19587, 97887
1785252811.069705,2026/07/28 15:33:31.069, 82.80, 0, 19587, 97887
1785252811.269795,2026/07/28 15:33:31.269, 82.80, 0, 19587, 97887
1785252811.469946,2026/07/28 15:33:31.469, 82.80, 0, 19587, 97887
1785252811.670120,2026/07/28 15:33:31.669, 83.47, 0, 19587, 97887
1785252811.870224,2026/07/28 15:33:31.870, 83.47, 0, 19587, 97887
1785252812.070482,2026/07/28 15:33:32.070, 83.47, 0, 19587, 97887
1785252812.270646,2026/07/28 15:33:32.270, 83.47, 0, 19587, 97887
1785252812.470726,2026/07/28 15:33:32.470, 83.47, 0, 19587, 97887
1785252812.670838,2026/07/28 15:33:32.670, 83.69, 0, 19587, 97887
1785252812.870929,2026/07/28 15:33:32.870, 83.69, 0, 19587, 97887
1785252813.071013,2026/07/28 15:33:33.070, 83.69, 0, 19587, 97887
1785252813.271102,2026/07/28 15:33:33.271, 83.69, 0, 19587, 97887
1785252813.471186,2026/07/28 15:33:33.471, 83.69, 0, 19587, 97887
1785252813.671280,2026/07/28 15:33:33.671, 83.23, 0, 19587, 97887
1785252813.871400,2026/07/28 15:33:33.871, 83.23, 0, 19587, 97887
1785252814.071498,2026/07/28 15:33:34.071, 83.23, 0, 19587, 97887
1785252814.271601,2026/07/28 15:33:34.271, 83.23, 0, 19587, 97887
1785252814.471699,2026/07/28 15:33:34.471, 82.79, 0, 22963, 97887
1785252814.671797,2026/07/28 15:33:34.671, 84.64, 50, 25569, 97887
1785252814.871886,2026/07/28 15:33:34.871, 84.36, 0, 25569, 97887
1785252815.071984,2026/07/28 15:33:35.071, 84.26, 0, 25649, 97887
1785252815.272070,2026/07/28 15:33:35.272, 84.15, 0, 25649, 97887
1785252815.472171,2026/07/28 15:33:35.472, 85.53, 0, 25649, 97887
1785252815.672278,2026/07/28 15:33:35.672, 83.43, 0, 25649, 97887
1785252815.872368,2026/07/28 15:33:35.872, 83.45, 0, 25649, 97887
1785252816.072456,2026/07/28 15:33:36.072, 83.43, 0, 25649, 97887
1785252816.337921,2026/07/28 15:33:36.272, 83.43, 0, 25649, 97887
1785252816.537883,2026/07/28 15:33:36.537, 83.43, 0, 25649, 97887
1785252816.738098,2026/07/28 15:33:36.737, 83.97, 4, 25829, 97887
1785252816.938252,2026/07/28 15:33:36.938, 84.08, 2, 25989, 97887
1785252817.138514,2026/07/28 15:33:37.138, 84.10, 1, 26129, 97887
1785252817.338687,2026/07/28 15:33:37.338, 84.11, 0, 26229, 97887
1785252817.538835,2026/07/28 15:33:37.538, 84.00, 0, 26231, 97887
1785252817.738942,2026/07/28 15:33:37.738, 83.89, 1, 26321, 97887
1785252817.939170,2026/07/28 15:33:37.939, 83.74, 0, 26321, 97887
1785252818.139413,2026/07/28 15:33:38.139, 83.61, 0, 26321, 97887
1785252818.339566,2026/07/28 15:33:38.339, 83.46, 0, 26321, 97887
1785252818.539733,2026/07/28 15:33:38.539, 83.43, 0, 26321, 97887
1785252818.739830,2026/07/28 15:33:38.739, 83.41, 0, 26321, 97887
1785252818.940029,2026/07/28 15:33:38.939, 83.39, 0, 26321, 97887
1785252819.140232,2026/07/28 15:33:39.140, 83.39, 0, 26321, 97887
1785252819.340540,2026/07/28 15:33:39.340, 83.47, 0, 26331, 97887
1785252819.540702,2026/07/28 15:33:39.540, 83.50, 0, 26331, 97887
1785252819.740945,2026/07/28 15:33:39.740, 83.51, 0, 26331, 97887
1785252819.943547,2026/07/28 15:33:39.943, 83.39, 0, 26331, 97887
1785252820.143786,2026/07/28 15:33:40.143, 83.39, 0, 26331, 97887
1785252820.344028,2026/07/28 15:33:40.343, 83.45, 0, 26331, 97887
1785252820.544092,2026/07/28 15:33:40.544, 83.33, 0, 26331, 97887
1785252820.744210,2026/07/28 15:33:40.744, 83.56, 0, 26351, 97887
1785252820.944351,2026/07/28 15:33:40.944, 83.70, 0, 26359, 97887
1785252821.144445,2026/07/28 15:33:41.144, 83.83, 0, 26359, 97887
1785252821.344561,2026/07/28 15:33:41.344, 83.86, 0, 26359, 97887
1785252821.544683,2026/07/28 15:33:41.544, 83.91, 0, 26359, 97887
1785252821.744781,2026/07/28 15:33:41.744, 83.75, 0, 26359, 97887
1785252821.944946,2026/07/28 15:33:41.944, 83.69, 0, 26385, 97887
1785252822.145039,2026/07/28 15:33:42.144, 83.64, 3, 26441, 97887
1785252822.345211,2026/07/28 15:33:42.345, 83.61, 0, 26441, 97887
1785252822.545342,2026/07/28 15:33:42.545, 84.00, 4, 26641, 97887
1785252822.745409,2026/07/28 15:33:42.745, 119.13, 24, 27185, 97887
1785252822.945493,2026/07/28 15:33:42.945, 123.92, 0, 27185, 97887
1785252823.145572,2026/07/28 15:33:43.145, 120.23, 0, 27185, 97887
1785252823.345644,2026/07/28 15:33:43.345, 120.23, 0, 27185, 97887
1785252823.545747,2026/07/28 15:33:43.545, 129.10, 24, 27565, 97887
1785252823.745837,2026/07/28 15:33:43.745, 190.36, 71, 27565, 97887
1785252823.945955,2026/07/28 15:33:43.945, 223.82, 97, 27565, 97887
1785252824.146040,2026/07/28 15:33:44.145, 290.30, 71, 27565, 97887
1785252824.346131,2026/07/28 15:33:44.346, 379.92, 57, 27565, 97887
1785252824.546364,2026/07/28 15:33:44.546, 402.51, 97, 27647, 97887
1785252824.746445,2026/07/28 15:33:44.746, 398.81, 94, 27647, 97887
1785252824.946533,2026/07/28 15:33:44.946, 384.47, 71, 27647, 97887
1785252825.146636,2026/07/28 15:33:45.146, 394.49, 53, 27647, 97887
1785252825.346732,2026/07/28 15:33:45.346, 386.95, 94, 27647, 97887
1785252825.546812,2026/07/28 15:33:45.546, 383.29, 96, 27647, 97887
1785252825.746875,2026/07/28 15:33:45.746, 371.95, 72, 27731, 97887
1785252825.946958,2026/07/28 15:33:45.946, 303.50, 0, 27771, 97887
1785252826.147063,2026/07/28 15:33:46.147, 295.14, 53, 27771, 97887
1785252826.347152,2026/07/28 15:33:46.347, 308.12, 97, 27771, 97887
1785252826.547236,2026/07/28 15:33:46.547, 291.21, 76, 27857, 97887
1785252826.747323,2026/07/28 15:33:46.747, 324.68, 50, 27857, 97887
1785252826.947474,2026/07/28 15:33:46.947, 406.38, 82, 27857, 97887
1785252827.147575,2026/07/28 15:33:47.147, 430.10, 96, 27949, 97887
1785252827.347686,2026/07/28 15:33:47.347, 425.33, 84, 28055, 97887
1785252827.547785,2026/07/28 15:33:47.547, 417.17, 95, 28055, 97887
1785252827.747890,2026/07/28 15:33:47.747, 401.46, 97, 28055, 97887
1785252827.948066,2026/07/28 15:33:47.947, 381.87, 70, 28055, 97887
1785252828.148175,2026/07/28 15:33:48.148, 395.47, 51, 28055, 97887
1785252828.348265,2026/07/28 15:33:48.348, 354.23, 0, 28055, 97887
1785252828.548404,2026/07/28 15:33:48.548, 326.62, 42, 28055, 97887
1785252828.748503,2026/07/28 15:33:48.748, 358.84, 62, 28055, 97887
1785252828.948610,2026/07/28 15:33:48.948, 292.84, 0, 28055, 97887
1785252829.148714,2026/07/28 15:33:49.148, 294.45, 97, 28055, 97887
1785252829.348819,2026/07/28 15:33:49.348, 287.97, 69, 28055, 97887
1785252829.548900,2026/07/28 15:33:49.548, 357.99, 39, 28055, 97887
1785252829.748999,2026/07/28 15:33:49.748, 357.35, 78, 28055, 97887
1785252829.949089,2026/07/28 15:33:49.949, 373.42, 97, 28055, 97887
1785252830.149185,2026/07/28 15:33:50.149, 402.98, 56, 28055, 97887
1785252830.349279,2026/07/28 15:33:50.349, 331.56, 6, 28055, 97887
1785252830.549400,2026/07/28 15:33:50.549, 314.91, 63, 28055, 97887
1785252830.749494,2026/07/28 15:33:50.749, 327.25, 54, 28055, 97887
1785252830.949587,2026/07/28 15:33:50.949, 308.81, 97, 28055, 97887
1785252831.149684,2026/07/28 15:33:51.149, 300.88, 98, 28055, 97887
1785252831.349778,2026/07/28 15:33:51.349, 384.09, 84, 28055, 97887
1785252831.549922,2026/07/28 15:33:51.549, 390.75, 65, 28055, 97887
1785252831.750013,2026/07/28 15:33:51.749, 346.72, 62, 28055, 97887
1785252831.950281,2026/07/28 15:33:51.950, 379.83, 25, 28055, 97887
1785252832.150509,2026/07/28 15:33:52.150, 356.60, 62, 28055, 97887
1785252832.350737,2026/07/28 15:33:52.350, 340.47, 75, 28055, 97887
1785252832.550899,2026/07/28 15:33:52.550, 299.22, 0, 28055, 97887
1785252832.750987,2026/07/28 15:33:52.750, 306.43, 90, 28055, 97887
1785252832.951079,2026/07/28 15:33:52.951, 295.29, 96, 28055, 97887
1785252833.151334,2026/07/28 15:33:53.151, 281.59, 72, 28055, 97887
1785252833.351500,2026/07/28 15:33:53.351, 316.73, 59, 28055, 97887
1785252833.551678,2026/07/28 15:33:53.551, 347.96, 97, 28055, 97887
1785252833.751849,2026/07/28 15:33:53.751, 395.64, 73, 28055, 97887
1785252833.952014,2026/07/28 15:33:53.951, 416.99, 69, 28055, 97887
1785252834.152193,2026/07/28 15:33:54.152, 348.29, 0, 28055, 97887
1785252834.352268,2026/07/28 15:33:54.352, 327.83, 51, 28055, 97887
1785252834.552369,2026/07/28 15:33:54.552, 334.00, 92, 28055, 97887
1785252834.752465,2026/07/28 15:33:54.752, 334.05, 69, 28055, 97887
1785252834.952554,2026/07/28 15:33:54.952, 353.00, 62, 28055, 97887
1785252835.152648,2026/07/28 15:33:55.152, 371.00, 97, 28055, 97887
1785252835.352736,2026/07/28 15:33:55.352, 372.79, 73, 28055, 97887
1785252835.553204,2026/07/28 15:33:55.552, 385.14, 75, 28055, 97887
1785252835.753297,2026/07/28 15:33:55.753, 348.32, 76, 28055, 97887
1785252835.953410,2026/07/28 15:33:55.953, 388.46, 67, 28055, 97887
1785252836.153507,2026/07/28 15:33:56.153, 384.33, 98, 28055, 97887
1785252836.353601,2026/07/28 15:33:56.353, 354.97, 59, 28055, 97887
1785252836.553693,2026/07/28 15:33:56.553, 416.45, 68, 28055, 97887
1785252836.753783,2026/07/28 15:33:56.753, 428.51, 84, 28055, 97887
1785252836.953866,2026/07/28 15:33:56.953, 384.86, 74, 28055, 97887
1785252837.154032,2026/07/28 15:33:57.153, 395.99, 68, 28055, 97887
1785252837.354159,2026/07/28 15:33:57.354, 375.17, 8, 28055, 97887
1785252837.554257,2026/07/28 15:33:57.554, 339.94, 43, 28055, 97887
1785252837.754375,2026/07/28 15:33:57.754, 329.91, 63, 28055, 97887
1785252837.954528,2026/07/28 15:33:57.954, 319.86, 86, 28193, 97887
1785252838.154673,2026/07/28 15:33:58.154, 364.28, 97, 28193, 97887
1785252838.354837,2026/07/28 15:33:58.354, 352.88, 93, 28193, 97887
1785252838.554932,2026/07/28 15:33:58.554, 400.01, 92, 28193, 97887
1785252838.755033,2026/07/28 15:33:58.754, 395.71, 66, 28193, 97887
1785252838.955132,2026/07/28 15:33:58.955, 397.88, 61, 28193, 97887
1785252839.155261,2026/07/28 15:33:59.155, 377.30, 95, 28193, 97887
1785252839.355388,2026/07/28 15:33:59.355, 375.18, 62, 28193, 97887
1785252839.555483,2026/07/28 15:33:59.555, 325.37, 0, 28193, 97887
1785252839.755576,2026/07/28 15:33:59.755, 327.27, 68, 28193, 97887
1785252839.955673,2026/07/28 15:33:59.955, 298.11, 56, 28193, 97887
1785252840.155772,2026/07/28 15:34:00.155, 271.86, 0, 28193, 97887
1785252840.355861,2026/07/28 15:34:00.355, 283.42, 69, 28193, 97887
1785252840.555958,2026/07/28 15:34:00.555, 309.25, 0, 28193, 97887
1785252840.756151,2026/07/28 15:34:00.756, 248.17, 2, 28193, 97887
1785252840.956386,2026/07/28 15:34:00.956, 248.10, 72, 28193, 97887
1785252841.162400,2026/07/28 15:34:01.160, 336.78, 91, 28193, 97887
1785252841.360600,2026/07/28 15:34:01.360, 311.14, 41, 28193, 97887
1785252841.560811,2026/07/28 15:34:01.560, 309.17, 55, 28193, 97887
1785252841.760903,2026/07/28 15:34:01.760, 384.28, 90, 28193, 97887
1785252841.961048,2026/07/28 15:34:01.960, 382.62, 72, 28193, 97887
1785252842.161153,2026/07/28 15:34:02.161, 308.31, 0, 28193, 97887
1785252842.361261,2026/07/28 15:34:02.361, 265.29, 0, 28193, 97887
1785252842.561364,2026/07/28 15:34:02.561, 282.34, 81, 28193, 97887
1785252842.761454,2026/07/28 15:34:02.761, 315.96, 64, 28193, 97887
1785252842.961549,2026/07/28 15:34:02.961, 284.37, 89, 28193, 97887
1785252843.161719,2026/07/28 15:34:03.161, 328.28, 83, 28193, 97887
1785252843.361806,2026/07/28 15:34:03.361, 378.93, 43, 28193, 97887
1785252843.561900,2026/07/28 15:34:03.561, 408.67, 56, 28193, 97887
1785252843.762005,2026/07/28 15:34:03.761, 380.86, 97, 28193, 97887
1785252843.962100,2026/07/28 15:34:03.962, 396.58, 60, 28193, 97887
1785252844.162192,2026/07/28 15:34:04.162, 396.67, 97, 28193, 97887
1785252844.362396,2026/07/28 15:34:04.362, 398.81, 63, 28193, 97887
1785252844.562517,2026/07/28 15:34:04.562, 401.64, 57, 28193, 97887
1785252844.762585,2026/07/28 15:34:04.762, 400.52, 97, 28193, 97887
1785252844.962687,2026/07/28 15:34:04.962, 392.01, 72, 28193, 97887
1785252845.162786,2026/07/28 15:34:05.162, 395.28, 95, 28193, 97887
1785252845.362893,2026/07/28 15:34:05.362, 370.49, 93, 28193, 97887
1785252845.562979,2026/07/28 15:34:05.562, 382.64, 61, 28193, 97887
1785252845.763107,2026/07/28 15:34:05.763, 407.12, 62, 28193, 97887
1785252845.963288,2026/07/28 15:34:05.963, 371.53, 97, 28193, 97887
1785252846.163416,2026/07/28 15:34:06.163, 385.72, 95, 28193, 97887
1785252846.363502,2026/07/28 15:34:06.363, 360.62, 0, 28193, 97887
1785252846.563606,2026/07/28 15:34:06.563, 312.71, 0, 28193, 97887
1785252846.763695,2026/07/28 15:34:06.763, 294.64, 35, 28193, 97887
1785252846.963793,2026/07/28 15:34:06.963, 300.41, 93, 28193, 97887
1785252847.163889,2026/07/28 15:34:07.163, 242.48, 68, 28193, 97887
1785252847.363984,2026/07/28 15:34:07.363, 295.20, 65, 28193, 97887
1785252847.564073,2026/07/28 15:34:07.564, 360.02, 79, 28193, 97887
1785252847.764167,2026/07/28 15:34:07.764, 396.03, 72, 28193, 97887
1785252847.964256,2026/07/28 15:34:07.964, 395.25, 32, 28193, 97887
1785252848.164354,2026/07/28 15:34:08.164, 402.58, 27, 28193, 97887
1785252848.364466,2026/07/28 15:34:08.364, 382.99, 43, 28193, 97887
1785252848.564578,2026/07/28 15:34:08.564, 373.71, 44, 28193, 97887
1785252848.764675,2026/07/28 15:34:08.764, 352.71, 94, 28193, 97887
1785252848.964806,2026/07/28 15:34:08.964, 390.03, 96, 28193, 97887
1785252849.164910,2026/07/28 15:34:09.164, 380.21, 93, 28193, 97887
1785252849.365012,2026/07/28 15:34:09.364, 351.68, 55, 28193, 97887
1785252849.565109,2026/07/28 15:34:09.565, 387.19, 42, 28193, 97887
1785252849.765219,2026/07/28 15:34:09.765, 395.73, 68, 28193, 97887
1785252849.965343,2026/07/28 15:34:09.965, 374.44, 93, 28193, 97887
1785252850.165437,2026/07/28 15:34:10.165, 364.76, 79, 28193, 97887
1785252850.365541,2026/07/28 15:34:10.365, 430.95, 72, 28193, 97887
1785252850.565630,2026/07/28 15:34:10.565, 438.69, 64, 28193, 97887
1785252850.765710,2026/07/28 15:34:10.765, 404.89, 89, 28193, 97887
1785252850.965819,2026/07/28 15:34:10.965, 395.72, 73, 28193, 97887
1785252851.165921,2026/07/28 15:34:11.165, 440.76, 72, 28193, 97887
1785252851.366036,2026/07/28 15:34:11.365, 421.56, 67, 28193, 97887
1785252851.566160,2026/07/28 15:34:11.566, 408.82, 62, 28193, 97887
1785252851.766300,2026/07/28 15:34:11.766, 420.76, 96, 28193, 97887
1785252851.966444,2026/07/28 15:34:11.966, 409.05, 71, 28193, 97887
1785252852.166573,2026/07/28 15:34:12.166, 387.97, 74, 28193, 97887
1785252852.366672,2026/07/28 15:34:12.366, 321.86, 0, 28193, 97887
1785252852.566764,2026/07/28 15:34:12.566, 262.64, 0, 28193, 97887
1785252852.766873,2026/07/28 15:34:12.766, 280.47, 95, 28193, 97887
1785252852.966987,2026/07/28 15:34:12.966, 199.28, 0, 28193, 97887
1785252853.167141,2026/07/28 15:34:13.167, 200.03, 97, 28193, 97887
1785252853.367241,2026/07/28 15:34:13.367, 274.60, 94, 28193, 97887
1785252853.567341,2026/07/28 15:34:13.567, 326.85, 71, 28193, 97887
1785252853.767454,2026/07/28 15:34:13.767, 331.45, 64, 28193, 97887
1785252853.967580,2026/07/28 15:34:13.967, 390.54, 89, 28193, 97887
1785252854.167717,2026/07/28 15:34:14.167, 395.40, 97, 28193, 97887
1785252854.367842,2026/07/28 15:34:14.367, 405.06, 74, 28193, 97887
1785252854.567946,2026/07/28 15:34:14.567, 359.50, 36, 28193, 97887
1785252854.768062,2026/07/28 15:34:14.767, 352.87, 17, 28193, 97887
1785252854.968198,2026/07/28 15:34:14.968, 343.62, 20, 28193, 97887
1785252855.168296,2026/07/28 15:34:15.168, 354.80, 76, 28193, 97887
1785252855.368447,2026/07/28 15:34:15.368, 323.69, 78, 28193, 97887
1785252855.568549,2026/07/28 15:34:15.568, 276.73, 0, 28193, 97887
1785252855.768650,2026/07/28 15:34:15.768, 276.76, 88, 28193, 97887
1785252855.968763,2026/07/28 15:34:15.968, 318.28, 68, 28193, 97887
1785252856.168852,2026/07/28 15:34:16.168, 334.57, 56, 28193, 97887
1785252856.369016,2026/07/28 15:34:16.368, 313.88, 78, 28193, 97887
1785252856.569112,2026/07/28 15:34:16.569, 397.28, 93, 28193, 97887
1785252856.769202,2026/07/28 15:34:16.769, 449.33, 71, 28193, 97887
1785252856.969385,2026/07/28 15:34:16.969, 435.87, 57, 28193, 97887
1785252857.169489,2026/07/28 15:34:17.169, 436.57, 97, 28193, 97887
1785252857.369593,2026/07/28 15:34:17.369, 420.65, 71, 28193, 97887
1785252857.569686,2026/07/28 15:34:17.569, 398.14, 31, 28193, 97887
1785252857.769776,2026/07/28 15:34:17.769, 403.15, 66, 28193, 97887
1785252857.969881,2026/07/28 15:34:17.969, 396.41, 47, 28193, 97887
1785252858.170003,2026/07/28 15:34:18.169, 398.75, 93, 28193, 97887
1785252858.370083,2026/07/28 15:34:18.370, 351.34, 68, 28193, 97887
1785252858.570174,2026/07/28 15:34:18.570, 339.31, 35, 28193, 97887
1785252858.770264,2026/07/28 15:34:18.770, 359.72, 41, 28193, 97887
1785252858.970376,2026/07/28 15:34:18.970, 358.20, 38, 28193, 97887
1785252859.170462,2026/07/28 15:34:19.170, 361.61, 97, 28193, 97887
1785252859.370613,2026/07/28 15:34:19.370, 359.78, 69, 28193, 97887
1785252859.570701,2026/07/28 15:34:19.570, 362.27, 68, 28193, 97887
1785252859.770826,2026/07/28 15:34:19.770, 382.20, 93, 28193, 97887
1785252859.970910,2026/07/28 15:34:19.970, 395.54, 83, 28193, 97887
1785252860.171011,2026/07/28 15:34:20.170, 338.13, 0, 28193, 97887
1785252860.371110,2026/07/28 15:34:20.371, 349.18, 96, 28193, 97887
1785252860.571221,2026/07/28 15:34:20.571, 356.29, 84, 28193, 97887
1785252860.771421,2026/07/28 15:34:20.771, 334.80, 33, 28193, 97887
1785252860.971524,2026/07/28 15:34:20.971, 324.01, 26, 28193, 97887
1785252861.171628,2026/07/28 15:34:21.171, 339.75, 84, 28193, 97887
1785252861.371763,2026/07/28 15:34:21.371, 355.43, 72, 28193, 97887
1785252861.571870,2026/07/28 15:34:21.571, 355.60, 52, 28193, 97887
1785252861.771965,2026/07/28 15:34:21.771, 359.37, 79, 28341, 97887
1785252861.972078,2026/07/28 15:34:21.972, 443.34, 98, 28341, 97887
1785252862.172203,2026/07/28 15:34:22.172, 427.78, 93, 28341, 97887
1785252862.372319,2026/07/28 15:34:22.372, 403.30, 93, 28341, 97887
1785252862.572402,2026/07/28 15:34:22.572, 393.03, 63, 28341, 97887
1785252862.772499,2026/07/28 15:34:22.772, 430.42, 64, 28341, 97887
1785252862.972596,2026/07/28 15:34:22.972, 395.10, 63, 28341, 97887
1785252863.172682,2026/07/28 15:34:23.172, 383.60, 97, 28341, 97887
1785252863.372784,2026/07/28 15:34:23.372, 414.68, 74, 28341, 97887
1785252863.572869,2026/07/28 15:34:23.572, 426.50, 71, 28341, 97887
1785252863.772980,2026/07/28 15:34:23.772, 389.50, 0, 28341, 97887
1785252863.973066,2026/07/28 15:34:23.973, 348.81, 77, 28341, 97887
1785252864.173159,2026/07/28 15:34:24.173, 367.67, 83, 28341, 97887
1785252864.373268,2026/07/28 15:34:24.373, 377.04, 71, 28341, 97887
1785252864.573334,2026/07/28 15:34:24.573, 355.13, 67, 28341, 97887
1785252864.773421,2026/07/28 15:34:24.773, 402.18, 90, 28341, 97887
1785252864.973511,2026/07/28 15:34:24.973, 456.04, 63, 28341, 97887
1785252865.173606,2026/07/28 15:34:25.173, 448.65, 87, 28341, 97887
1785252865.373692,2026/07/28 15:34:25.373, 436.90, 95, 28341, 97887
1785252865.573780,2026/07/28 15:34:25.573, 439.36, 72, 28341, 97887
1785252865.773865,2026/07/28 15:34:25.773, 423.83, 81, 28341, 97887
1785252865.973954,2026/07/28 15:34:25.973, 387.33, 66, 28341, 97887
1785252866.174067,2026/07/28 15:34:26.174, 409.89, 60, 28341, 97887
1785252866.374152,2026/07/28 15:34:26.374, 408.95, 67, 28341, 97887
1785252866.574237,2026/07/28 15:34:26.574, 424.61, 87, 26359, 97887
1785252866.774334,2026/07/28 15:34:26.774, 365.05, 0, 26359, 97887
1785252866.974421,2026/07/28 15:34:26.974, 296.67, 0, 26359, 97887
1785252867.174513,2026/07/28 15:34:27.174, 259.55, 0, 26359, 97887
1785252867.374608,2026/07/28 15:34:27.374, 190.59, 0, 26359, 97887
1785252867.574708,2026/07/28 15:34:27.574, 131.97, 0, 26359, 97887
1785252867.774816,2026/07/28 15:34:27.774, 131.97, 0, 26359, 97887
1785252867.974949,2026/07/28 15:34:27.974, 131.97, 0, 26359, 97887
1785252868.175038,2026/07/28 15:34:28.174, 131.97, 0, 26359, 97887
1785252868.375142,2026/07/28 15:34:28.375, 131.97, 0, 26359, 97887
1785252868.575256,2026/07/28 15:34:28.575, 84.85, 0, 26359, 97887
1785252868.775341,2026/07/28 15:34:28.775, 84.85, 0, 26359, 97887
1785252868.975427,2026/07/28 15:34:28.975, 84.85, 0, 26359, 97887
1785252869.175515,2026/07/28 15:34:29.175, 84.85, 0, 26359, 97887
1785252869.375601,2026/07/28 15:34:29.375, 84.85, 0, 26359, 97887
1785252869.575696,2026/07/28 15:34:29.575, 84.98, 0, 26359, 97887
1785252869.775803,2026/07/28 15:34:29.775, 84.98, 0, 26359, 97887
1785252869.975910,2026/07/28 15:34:29.975, 84.98, 0, 26359, 97887
1785252870.176000,2026/07/28 15:34:30.175, 84.98, 0, 26359, 97887
1785252870.376127,2026/07/28 15:34:30.376, 84.98, 0, 26359, 97887
1785252870.576212,2026/07/28 15:34:30.576, 84.29, 0, 26359, 97887
1785252870.776296,2026/07/28 15:34:30.776, 84.29, 0, 26359, 97887
1785252870.976469,2026/07/28 15:34:30.976, 84.29, 0, 26359, 97887
1785252871.176566,2026/07/28 15:34:31.176, 84.29, 0, 26359, 97887
1785252871.376675,2026/07/28 15:34:31.376, 84.29, 0, 26359, 97887
1785252871.576781,2026/07/28 15:34:31.576, 84.29, 0, 26359, 97887
1785252871.776885,2026/07/28 15:34:31.776, 84.29, 0, 26359, 97887
1785252871.976991,2026/07/28 15:34:31.976, 84.29, 0, 26359, 97887
1785252872.177119,2026/07/28 15:34:32.177, 84.29, 0, 26359, 97887
1785252872.377236,2026/07/28 15:34:32.377, 84.29, 0, 26359, 97887
1785252872.577340,2026/07/28 15:34:32.577, 84.53, 0, 26359, 97887
1785252872.777466,2026/07/28 15:34:32.777, 84.53, 0, 26359, 97887
1785252872.977574,2026/07/28 15:34:32.977, 84.53, 0, 26359, 97887
1785252873.177685,2026/07/28 15:34:33.177, 84.53, 0, 26359, 97887
1785252873.377799,2026/07/28 15:34:33.377, 84.53, 0, 26359, 97887
1785252873.577877,2026/07/28 15:34:33.577, 84.50, 0, 26359, 97887
1785252873.777999,2026/07/28 15:34:33.777, 84.50, 0, 26359, 97887
1785252873.978106,2026/07/28 15:34:33.978, 84.50, 0, 26359, 97887
1785252874.178195,2026/07/28 15:34:34.178, 84.50, 0, 26359, 97887
1785252874.378309,2026/07/28 15:34:34.378, 84.50, 0, 26359, 97887
1785252874.578418,2026/07/28 15:34:34.578, 84.20, 0, 26359, 97887
1785252874.778546,2026/07/28 15:34:34.778, 84.20, 0, 26359, 97887
1785252874.978637,2026/07/28 15:34:34.978, 84.20, 0, 26359, 97887
1785252875.178745,2026/07/28 15:34:35.178, 84.20, 0, 26359, 97887
1785252875.378856,2026/07/28 15:34:35.378, 84.20, 0, 26359, 97887
1785252875.578938,2026/07/28 15:34:35.578, 83.94, 0, 26359, 97887
1785252875.779039,2026/07/28 15:34:35.778, 83.94, 0, 26359, 97887
1785252875.979171,2026/07/28 15:34:35.979, 83.94, 0, 26359, 97887
1785252876.179307,2026/07/28 15:34:36.179, 83.94, 0, 26359, 97887
1785252876.379421,2026/07/28 15:34:36.379, 83.94, 0, 26359, 97887
1785252876.579499,2026/07/28 15:34:36.579, 83.75, 0, 26359, 97887
1785252876.779614,2026/07/28 15:34:36.779, 83.75, 0, 26359, 97887
1785252876.979723,2026/07/28 15:34:36.979, 83.75, 0, 26359, 97887
1785252877.179851,2026/07/28 15:34:37.179, 83.75, 0, 26359, 97887
1785252877.379931,2026/07/28 15:34:37.379, 83.75, 0, 26359, 97887
1785252877.580052,2026/07/28 15:34:37.579, 83.75, 0, 26359, 97887
1785252877.780176,2026/07/28 15:34:37.780, 83.75, 0, 26359, 97887
1785252877.980261,2026/07/28 15:34:37.980, 84.72, 0, 26359, 97887
