run_id,family,nvidia_summary,measurement_tier,duration_s,duration_h,mean_power_w,max_power_w,mean_gpu_utilization_pct,max_memory_used_mb,measured_gpu_energy_kwh,codecarbon_available,codecarbon_path,codecarbon_energy_kwh,codecarbon_gpu_energy_kwh,codecarbon_cpu_energy_kwh,codecarbon_ram_energy_kwh,codecarbon_emissions_kgco2e_pue1,codecarbon_country,codecarbon_region,codecarbon_version,facility_gpu_energy_kwh_central,gpu_emissions_kgco2e_low,gpu_emissions_kgco2e_central,gpu_emissions_kgco2e_high,cloud_cost_usd_runtime_proxy
27ac18a67213591c,feature_pilot,results/feature_pilot_fastv_seed101/nvidia_smi_summary.json,tier1_direct_gpu,108.08578038215637,0.030023827883932326,89.76955555555556,370.91,8.351851851851851,18859.0,0.002695225685217101,False,,,,,,,,,,0.003234270822260521,4.447122380608217e-05,0.00010618111109481289,0.00030186527674431525,0.06004765576786465
0d688eb0a80aaa7e,feature_pilot,results/feature_pilot_scope_seed101/nvidia_smi_summary.json,tier1_direct_gpu,75.31693625450134,0.02092137118180593,77.55283819628647,264.36,7.344827586206897,14879.0,0.0016225117141070457,False,,,,,,,,,,0.0019470140569284547,2.6771443282766256e-05,6.392047148896117e-05,0.0001817213119799891,0.04184274236361186
dd59d639bd13c7b9,controller_smoke,results/frozen_controller_gpu_smoke_fastv_warm/nvidia_smi_summary.json,tier1_direct_gpu,83.1280164718628,0.023091115686628555,49.10382211538461,208.39,0.8221153846153846,16081.0,0.0011338620371219757,False,,,,,,,,,,0.0013606344445463707,1.87087236125126e-05,4.466962881445735e-05,0.00012699254815766128,0.04618223137325711
08df93518b3c29ed,original_1200,results/paper1200_llava15_fastv/hardware_monitor/nvidia_smi_summary.json,tier1_direct_gpu,4759.801875114441,1.322167187531789,228.92114560982793,556.48,38.02625268206487,20422.0,0.30267202725750136,True,results/paper1200_llava15_fastv/codecarbon/emissions.csv,0.4699802346829785,0.3192447226177819,0.07963131601357143,0.07110419605162453,0.013036618846879875,Iceland,capital region,3.2.9,0.3632064327090016,0.004994088449748773,0.011924067185836522,0.03389926705284015,2.644334375063578
afa70394c19947aa,original_1200,results/paper1200_llava15_scope/hardware_monitor/nvidia_smi_summary.json,tier1_direct_gpu,4766.128808259964,1.323924668961101,190.4012525210084,505.18,32.34029411764706,16322.0,0.25207691521365505,True,results/paper1200_llava15_scope/codecarbon/emissions.csv,0.4051592273084298,0.25409715716645564,0.07984057755792412,0.07122149258404972,0.011242708078870619,Iceland,capital region,3.2.9,0.30249229825638607,0.004159269101025309,0.009930822151757154,0.028232614503929363,2.647849337922202
0b5c9f2391d06f10,phase_a_1200,results/phase_a_current_llava15_13b_fastv/telemetry_attempts/attempt_001/nvidia_smi_summary.json,tier1_direct_gpu,5463.124035358429,1.5175344542662303,345.6802476064708,466.03,60.67778144602179,40278.0,0.524581685902101,True,results/phase_a_current_llava15_13b_fastv/telemetry_attempts/attempt_001/codecarbon/emissions.csv,0.6985316082677843,0.525459510089604,0.09144711602786976,0.08162498215030864,0.01936239016772846,Iceland,capital region,3.2.9,0.6294980230825211,0.008655597817384666,0.020666420097799166,0.0587531488210353,3.0350689085324607
3e900a26e9e49a82,phase_a_1200,results/phase_a_current_llava15_13b_random/telemetry_attempts/attempt_001/nvidia_smi_summary.json,tier1_direct_gpu,5120.14214348793,1.4222617065244252,309.91558324205914,458.84,52.769636989516506,29178.0,0.44078106630036357,True,results/phase_a_current_llava15_13b_random/telemetry_attempts/attempt_001/codecarbon/emissions.csv,0.6033246552004959,0.44132329111391755,0.08553310911427356,0.07646825497230518,0.01672710335927832,Iceland,capital region,3.2.9,0.5289372795604362,0.007272887593955999,0.017365010887969122,0.049367479425640716,2.8445234130488504
9f46d8a20696a7ae,phase_a_1200,results/phase_a_current_llava15_13b_scope/telemetry_attempts/attempt_001/nvidia_smi_summary.json,tier1_direct_gpu,5820.640130281448,1.6168444806337356,249.23455309475426,437.39,46.126097888609515,29458.0,0.4029735115544692,True,results/phase_a_current_llava15_13b_scope/telemetry_attempts/attempt_001/codecarbon/emissions.csv,0.5873596979584004,0.4027904336210213,0.09742958928112251,0.08713967505625443,0.016285204524788835,Iceland,capital region,3.2.9,0.48356821386536303,0.006649062940648742,0.01587554446119987,0.045133033294100545,3.2336889612674713
5a6ffab17844fcae,phase_a_1200,results/phase_a_current_llava15_7b_fastv/telemetry_attempts/attempt_001/nvidia_smi_summary.json,tier1_direct_gpu,4022.08295750618,1.117245265973939,263.5031382607829,392.58,45.00921406514593,20422.0,0.294397633791136,True,results/phase_a_current_llava15_7b_fastv/telemetry_attempts/attempt_001/codecarbon/emissions.csv,0.4220575493700784,0.29446767279614505,0.0675315457551269,0.06005833081880589,0.011709568389088761,Iceland,capital region,3.2.9,0.35327716054936315,0.004857560957553744,0.011598089180835592,0.03297253498460723,2.234490531947878
56c23f29fcc0cbc3,phase_a_1200,results/phase_a_current_llava15_7b_random/telemetry_attempts/attempt_001/nvidia_smi_summary.json,tier1_direct_gpu,3265.4463543891907,0.9070684317747751,267.7919921467575,387.93,44.545125467820114,16340.0,0.2429056623584022,True,results/phase_a_current_llava15_7b_random/telemetry_attempts/attempt_001/codecarbon/emissions.csv,0.3468782504123691,0.24342583862926404,0.05467459114124172,0.048777820641864096,0.009628628590040746,Iceland,capital region,3.2.9,0.2914867948300826,0.004007943428913636,0.00956951147427161,0.027205434184141043,1.8141368635495503
789ac940c27add2e,phase_a_1200,results/phase_a_current_llava15_7b_scope/telemetry_attempts/attempt_001/nvidia_smi_summary.json,tier1_direct_gpu,3768.318870306015,1.0467552417516708,228.84918779567317,379.27,41.879445064583,16322.0,0.2395490868957334,True,results/phase_a_current_llava15_7b_scope/telemetry_attempts/attempt_001/codecarbon/emissions.csv,0.3590348560770525,0.23957767610636438,0.06318310736558913,0.05627407260510137,0.009965151576331804,Iceland,capital region,3.2.9,0.2874589042748801,0.003952559933779601,0.009437275827344313,0.02682949773232214,2.0935104835033416
d3d1df61f2235ee1,phase_b_controller_execution,results/prospective900_execution_llava15_13b_fastv/telemetry_attempts/attempt_001/nvidia_smi_summary.json,tier1_direct_gpu,529.0024168491364,0.14694511579142677,176.11494509655435,438.01,22.68761832639152,43279.0,0.025879230999813947,True,results/prospective900_execution_llava15_13b_fastv/telemetry_attempts/attempt_001/codecarbon/emissions.csv,0.04261816389154698,0.025877544868649238,0.008834065437619899,0.00790655358527787,0.0012070148923656132,Iceland,capital region,3.2.9,0.031055077199776734,0.00042700731149693016,0.0010195381844686701,0.002898473871979162,0.29389023158285354
252ff8b4fd55ae54,phase_b_controller_execution,results/prospective900_execution_llava15_13b_random/telemetry_attempts/attempt_001/nvidia_smi_summary.json,tier1_direct_gpu,685.6157913208008,0.19044883092244466,155.01674262342976,439.63,17.887233420975754,29967.0,0.029522757406037697,True,results/prospective900_execution_llava15_13b_random/telemetry_attempts/attempt_001/codecarbon/emissions.csv,0.05117805500085469,0.029475782747340418,0.011453111459708775,0.010249160793805485,0.001443811052401842,Iceland,capital region,3.2.9,0.03542730888724523,0.00048712549719962206,0.001163078550768261,0.003306548829476222,0.3808976618448893
12586d65a98662d0,phase_b_controller_execution,results/prospective900_execution_llava15_13b_scope/telemetry_attempts/attempt_001/nvidia_smi_summary.json,tier1_direct_gpu,401.8848249912262,0.11163467360867395,165.33462113659024,443.73,21.966600199401796,30821.0,0.018457076466797014,True,results/prospective900_execution_llava15_13b_scope/telemetry_attempts/attempt_001/codecarbon/emissions.csv,0.0311678605673873,0.01845294059569369,0.006706155618680965,0.006008764353012664,0.0008899799959584027,Iceland,capital region,3.2.9,0.022148491760156416,0.0003045417617021507,0.0007271349844859351,0.0020671925642812656,0.2232693472173479
00a901fd3a7913c4,phase_b_controller_execution,results/prospective900_execution_llava15_13b_scope/telemetry_attempts/attempt_002/nvidia_smi_summary.json,tier1_direct_gpu,2.1366007328033447,0.0005935002035564847,31.530909090909088,31.55,0.0,0.0,1.8713600963775558e-05,True,results/prospective900_execution_llava15_13b_scope/telemetry_attempts/attempt_002/codecarbon/emissions.csv,9.697113621946857e-05,2.115473910180299e-05,4.0039887121162e-05,3.577650999650359e-05,2.68416105055489e-06,Iceland,capital region,3.2.9,2.245632115653067e-05,3.087744159022967e-07,7.372410235689019e-07,2.0959233079428625e-06,0.0011870004071129693
9f64aa5a4b83b577,phase_b_controller_execution,results/prospective900_execution_llava15_13b_scope/telemetry_attempts/attempt_003/nvidia_smi_summary.json,tier1_direct_gpu,205.81403040885925,0.05717056400246091,118.0606627680312,425.2,10.09356725146199,28079.0,0.006749594676952681,True,results/prospective900_execution_llava15_13b_scope/telemetry_attempts/attempt_003/codecarbon/emissions.csv,0.013282013439849348,0.006766019857195715,0.0034390658022843334,0.003076927780369297,0.00039462527710688937,Iceland,capital region,3.2.9,0.008099513612343217,0.00011136831216971924,0.0002659070318932278,0.0007559546038187003,0.11434112800492181
cbc025f0aa1f6855,phase_b_controller_execution,results/prospective900_execution_llava15_7b_fastv/telemetry_attempts/attempt_001/nvidia_smi_summary.json,tier1_direct_gpu,181.2378056049347,0.050343834890259634,216.91766592920354,388.52,35.29756637168141,28786.0,0.01092046715832032,True,results/prospective900_execution_llava15_7b_fastv/telemetry_attempts/attempt_001/codecarbon/emissions.csv,0.016680323875152475,0.01093326652437554,0.0030386522269117066,0.0027084051238652315,0.0004888650163882839,Iceland,capital region,3.2.9,0.013104560589984384,0.0001801877081122853,0.0004302227241691873,0.0012230923217318758,0.10068766978051927
b60b9c8e0be49f3e,phase_b_controller_execution,results/prospective900_execution_llava15_7b_random/telemetry_attempts/attempt_001/nvidia_smi_summary.json,tier1_direct_gpu,207.150817155838,0.05754189365439945,195.53456038647343,384.16,30.771980676328504,16703.0,0.011251428879518202,True,results/prospective900_execution_llava15_7b_random/telemetry_attempts/attempt_001/codecarbon/emissions.csv,0.017835540289417202,0.011273444574271707,0.0034662032097791205,0.003095892505366354,0.0005209190192445063,Iceland,capital region,3.2.9,0.013501714655421842,0.00018564857651205035,0.00044326129213749906,0.0012601600345060384,0.1150837873087989
550dc43e29087bbe,phase_b_controller_execution,results/prospective900_execution_llava15_7b_scope/telemetry_attempts/attempt_001/nvidia_smi_summary.json,tier1_direct_gpu,86.5694785118103,0.02404707736439175,67.995103926097,373.67,4.466512702078522,15375.0,0.0016350835245107118,True,results/prospective900_execution_llava15_7b_scope/telemetry_attempts/attempt_001/codecarbon/emissions.csv,0.004408084468546526,0.0016504432649071532,0.0014544950575225949,0.0013031461461167782,0.00014937270114967534,Iceland,capital region,3.2.9,0.001962100229412854,2.6978878154426747e-05,6.4415750531624e-05,0.00018312935474519972,0.0480941547287835
f647f4e89a542546,phase_b_controller_execution,results/prospective900_execution_llava15_7b_scope/telemetry_attempts/attempt_002/nvidia_smi_summary.json,tier1_direct_gpu,80.9278769493103,0.02247996581925286,52.710123762376234,287.84,1.4084158415841583,28921.0,0.0011849217805068057,True,results/prospective900_execution_llava15_7b_scope/telemetry_attempts/attempt_002/codecarbon/emissions.csv,0.003772386372165422,0.0012036137406994385,0.0013567675464056107,0.0012120050850603734,0.00013154336508485617,Iceland,capital region,3.2.9,0.0014219061366081667,1.9551209378362297e-05,4.6681178464846114e-05,0.00013271123941676222,0.04495993163850572
f92963e146d9e381,phase_b_controller_execution,results/prospective900_execution_llava15_7b_scope/telemetry_attempts/attempt_003/nvidia_smi_summary.json,tier1_direct_gpu,22.229460954666138,0.006174850265185038,67.25108108108108,318.05,5.747747747747748,28917.0,0.00041526535584749405,True,results/prospective900_execution_llava15_7b_scope/telemetry_attempts/attempt_003/codecarbon/emissions.csv,0.0011404411501689498,0.0004289511765591669,0.00037539554040085546,0.0003360944332089275,6.076792748849991e-05,Iceland,capital region,3.2.9,0.0004983184270169928,6.851878371483652e-06,1.6359793958967873e-05,4.650971985491933e-05,0.012349700530370076
e90d71151cf1eb53,phase_b_controller_execution,results/prospective900_execution_llava15_7b_scope/telemetry_attempts/attempt_004/nvidia_smi_summary.json,tier1_direct_gpu,20.84906530380249,0.005791407028834025,69.91685714285715,263.01,5.190476190476191,28917.0,0.00040491697789112735,True,results/prospective900_execution_llava15_7b_scope/telemetry_attempts/attempt_004/codecarbon/emissions.csv,0.0010827777921725852,0.0004147819984154921,0.0003522304524603007,0.00031576534129679207,6.05474156791967e-05,Iceland,capital region,3.2.9,0.0004859003734693528,6.681130135203601e-06,1.595210926099885e-05,4.535070152380626e-05,0.01158281405766805
3dbf9e908a512b9b,phase_b_controller_execution,results/prospective900_execution_llava15_7b_scope/telemetry_attempts/attempt_005/nvidia_smi_summary.json,tier1_direct_gpu,22.522311210632324,0.006256197558508979,78.60911504424779,304.27,6.300884955752212,28917.0,0.0004917941536163744,True,results/prospective900_execution_llava15_7b_scope/telemetry_attempts/attempt_005/codecarbon/emissions.csv,0.0012686576731035211,0.0005232659741523094,0.00039335573010736423,0.00035203596884384754,6.544333897408169e-05,Iceland,capital region,3.2.9,0.0005901529843396493,8.114603534670178e-06,1.9374722475870685e-05,5.508094520503394e-05,0.012512395117017959
4fb67eabae11a407,phase_b_controller_execution,results/prospective900_execution_llava15_7b_scope/telemetry_attempts/attempt_006/nvidia_smi_summary.json,tier1_direct_gpu,23.70777130126953,0.006585492028130425,80.9053781512605,296.49,6.554621848739496,28921.0,0.0005328017228480036,True,results/prospective900_execution_llava15_7b_scope/telemetry_attempts/attempt_006/codecarbon/emissions.csv,0.0013034289628625182,0.0005454082140659011,0.00039973625204779733,0.0003582844967488201,6.626224944638504e-05,Iceland,capital region,3.2.9,0.0006393620674176044,8.79122842699206e-06,2.099025667331995e-05,5.967379295897641e-05,0.01317098405626085
58c3de1ecdeefa6a,phase_b_controller_execution,results/prospective900_execution_llava15_7b_scope/telemetry_attempts/attempt_007/nvidia_smi_summary.json,tier1_direct_gpu,21.61743140220642,0.00600484205616845,73.15212962962963,342.4,5.9907407407407405,28917.0,0.00043926698449828623,True,results/prospective900_execution_llava15_7b_scope/telemetry_attempts/attempt_007/codecarbon/emissions.csv,0.0011457719038518264,0.00045445175248914893,0.00036487214161280305,0.00032644800974987453,6.284088420256772e-05,Iceland,capital region,3.2.9,0.0005271203813979435,7.247905244221722e-06,1.7305362121294483e-05,4.9197902263808057e-05,0.0120096841123369
0afcd79d61644a5b,phase_b_controller_execution,results/prospective900_execution_llava15_7b_scope/telemetry_attempts/attempt_008/nvidia_smi_summary.json,tier1_direct_gpu,129.54250478744507,0.03598402910762363,241.6585648148148,401.65,42.251543209876544,16961.0,0.008695848830402848,True,results/prospective900_execution_llava15_7b_scope/telemetry_attempts/attempt_008/codecarbon/emissions.csv,0.01285871748630243,0.008742490605186504,0.0021746293580878913,0.0019415975230280312,0.00038367321057156855,Iceland,capital region,3.2.9,0.010435018596483417,0.000143481505701647,0.00034258166052255056,0.000973935069005119,0.07196805821524727
77a7821d9a759484,phase_b_evaluation_grid,results/prospective900_llava15_13b_fastv/telemetry_attempts/attempt_001/nvidia_smi_summary.json,tier1_direct_gpu,4770.243468284607,1.3250676300790576,311.47042534430636,560.97,52.75701209271078,45826.0,0.41271937835069605,True,results/prospective900_llava15_13b_fastv/telemetry_attempts/attempt_001/codecarbon/emissions.csv,0.5638521321944344,0.4129180081120012,0.07969877211531577,0.07123535196712247,0.015634699188620874,Iceland,capital region,3.2.9,0.49526325402083526,0.006809869742786486,0.016259492629504022,0.04622457037527796,2.650135260158115
02c755afe13dc586,phase_b_evaluation_grid,results/prospective900_llava15_13b_random/telemetry_attempts/attempt_001/nvidia_smi_summary.json,tier1_direct_gpu,3550.2191095352173,0.9861719748708937,329.63247419191066,467.65,57.8135612342754,30526.0,0.32507430805541543,True,results/prospective900_llava15_13b_random/telemetry_attempts/attempt_001/codecarbon/emissions.csv,0.4379238047139289,0.32551958819328775,0.05939473058446772,0.05300948593617417,0.012148779140655729,Iceland,capital region,3.2.9,0.3900891696664985,0.005363726082914355,0.012806627440151144,0.036408322502206526,1.9723439497417874
15dcae2f5a3a0106,phase_b_evaluation_grid,results/prospective900_llava15_13b_scope/telemetry_attempts/attempt_001/nvidia_smi_summary.json,tier1_direct_gpu,3965.157270669937,1.1014325751860936,272.6063951490652,467.86,51.37200606366852,31380.0,0.3002575638212327,True,results/prospective900_llava15_13b_scope/telemetry_attempts/attempt_001/codecarbon/emissions.csv,0.42608952199453803,0.3003661583483108,0.06651126141802029,0.05921210222820757,0.011821713183311575,Iceland,capital region,3.2.9,0.3603090765854792,0.00495424980305034,0.011828946984301283,0.033628847147978064,2.202865150372187
c378be8b27fcb731,phase_b_evaluation_grid,results/prospective900_llava15_7b_fastv/telemetry_attempts/attempt_001/nvidia_smi_summary.json,tier1_direct_gpu,3175.870190382004,0.882186163995001,256.96094534898396,424.11,43.7312886532879,27060.0,0.22668739067394927,True,results/prospective900_llava15_7b_fastv/telemetry_attempts/attempt_001/codecarbon/emissions.csv,0.32782912312879353,0.22708125055373785,0.05334063288763284,0.04740723968742419,0.009101533582559808,Iceland,capital region,3.2.9,0.2720248688087391,0.003740341946120163,0.008930576442990903,0.025388987755482317,1.764372327990002
df2ac935cc61025b,phase_b_evaluation_grid,results/prospective900_llava15_7b_random/telemetry_attempts/attempt_001/nvidia_smi_summary.json,tier1_direct_gpu,2683.623994588852,0.7454511096080144,256.4355305970149,424.78,41.77679104477612,17262.0,0.19116015082646473,True,results/prospective900_llava15_7b_random/telemetry_attempts/attempt_001/codecarbon/emissions.csv,0.27647974018802524,0.19129399525729696,0.0451086247648757,0.040077120165852895,0.007680190030871972,Iceland,capital region,3.2.9,0.22939218099175768,0.003154142488636668,0.007530945301959404,0.021409936892564048,1.4909022192160288
6326e0cabba3c072,phase_b_evaluation_grid,results/prospective900_llava15_7b_scope/telemetry_attempts/attempt_001/nvidia_smi_summary.json,tier1_direct_gpu,2771.600196838379,0.7698889435662164,234.8356189030999,383.57,43.71406893561674,17520.0,0.18079734654902618,True,results/prospective900_llava15_7b_scope/telemetry_attempts/attempt_001/codecarbon/emissions.csv,0.26842538202488814,0.18057029806720948,0.046461277007890364,0.041393806949788704,0.007457004384984003,Iceland,capital region,3.2.9,0.21695681585883142,0.0029831562180589323,0.007122692264645435,0.020249302813490935,1.5397778871324328
a502e1d42de5ffb1,replication_210x3,results/replication210x3/draw_2101/13b_dense/telemetry_attempts/attempt_001/nvidia_smi_summary.json,tier1_direct_gpu,150.30152487754822,0.041750423577096726,152.52625,455.76,20.01595744680851,28339.0,0.00636803554412615,True,results/replication210x3/draw_2101/13b_dense/telemetry_attempts/attempt_001/codecarbon/emissions.csv,0.011268868228178342,0.006349020634767832,0.0026696040784449544,0.002250243514965551,0.0003401527040799583,Iceland,capital region,3.2.9,0.007641642652951379,0.00010507258647808147,0.00025087512829639376,0.0007132199809421287,0.08350084715419345
dbf801ba6f420540,replication_210x3,results/replication210x3/draw_2101/13b_fastv/telemetry_attempts/attempt_001/nvidia_smi_summary.json,tier1_direct_gpu,162.73989987373352,0.045205527742703755,144.9500122850123,439.31,17.866093366093367,33967.0,0.006552541801655373,True,results/replication210x3/draw_2101/13b_fastv/telemetry_attempts/attempt_001/codecarbon/emissions.csv,0.01174096722746771,0.006533016893075949,0.0027704556981078066,0.0024374946362839545,0.0003546055395312485,Iceland,capital region,3.2.9,0.007863050161986448,0.00010811693972731367,0.0002581439368180151,0.0007338846817854019,0.09041105548540751
3db235a7207b3275,replication_210x3,results/replication210x3/draw_2101/13b_random/telemetry_attempts/attempt_001/nvidia_smi_summary.json,tier1_direct_gpu,183.5480353832245,0.05098556538422903,132.8784296619411,456.04,15.7546346782988,28341.0,0.006774881863682576,True,results/replication210x3/draw_2101/13b_random/telemetry_attempts/attempt_001/codecarbon/emissions.csv,0.012677697081022227,0.00678203487006801,0.003149349207358646,0.0027463130035955694,0.0003787122855034188,Iceland,capital region,3.2.9,0.008129858236419091,0.0001117855507507625,0.00026690324590163876,0.0007587867687324485,0.10197113076845805
7a5d3245fd92f2cc,replication_210x3,results/replication210x3/draw_2101/13b_scope/telemetry_attempts/attempt_001/nvidia_smi_summary.json,tier1_direct_gpu,138.78252506256104,0.03855070140626696,147.69357864357863,454.86,19.292929292929294,28499.0,0.005693691049911606,True,results/replication210x3/draw_2101/13b_scope/telemetry_attempts/attempt_001/codecarbon/emissions.csv,0.010098990909540879,0.005691684831121924,0.002329711738574512,0.002077594339844437,0.0003083153436302465,Iceland,capital region,3.2.9,0.006832429259893927,9.39459023235415e-05,0.0002243086526023176,0.0006376933975900999,0.07710140281253391
b61b6287e3ded7b1,replication_210x3,results/replication210x3/draw_2101/7b_dense/telemetry_attempts/attempt_001/nvidia_smi_summary.json,tier1_direct_gpu,86.94358205795288,0.024150995016098024,133.25514942528736,447.64,18.282758620689656,15999.0,0.003218244449639512,True,results/replication210x3/draw_2101/7b_dense/telemetry_attempts/attempt_001/codecarbon/emissions.csv,0.00616374980480192,0.00322723424845206,0.0016336236666236977,0.001302891889726161,0.00020162279221439862,Iceland,capital region,3.2.9,0.0038618933395674145,5.3101033419051955e-05,0.0001267859583379982,0.0003604433783596253,0.04830199003219605
29ba532bd424c66d,replication_210x3,results/replication210x3/draw_2101/7b_fastv/telemetry_attempts/attempt_001/nvidia_smi_summary.json,tier1_direct_gpu,51.18721079826355,0.01421866966618432,190.8428125,496.55,30.42578125,20775.0,0.002713530909103052,True,results/replication210x3/draw_2101/7b_fastv/telemetry_attempts/attempt_001/codecarbon/emissions.csv,0.004327242867527619,0.0026804671443719785,0.0008787234352424068,0.0007680522879132329,0.00014832777312361148,Iceland,capital region,3.2.9,0.003256237090923662,4.477326000020036e-05,0.00010690226369502383,0.0003039154618195418,0.02843733933236864
5f1142a204346fdc,replication_210x3,results/replication210x3/draw_2101/7b_random/telemetry_attempts/attempt_001/nvidia_smi_summary.json,tier1_direct_gpu,103.68741536140442,0.028802059822612337,116.83797687861271,490.18,15.142581888246628,16001.0,0.0033651743996108,True,results/replication210x3/draw_2101/7b_random/telemetry_attempts/attempt_001/codecarbon/emissions.csv,0.0067349141886637485,0.0034060166136999914,0.001776919879823746,0.0015519776951400121,0.0002162792508392133,Iceland,capital region,3.2.9,0.00403820927953296,5.5525377593578205e-05,0.00013257441064706707,0.0003768995327564096,0.057604119645224675
36283822e87827a4,replication_210x3,results/replication210x3/draw_2101/7b_scope/telemetry_attempts/attempt_001/nvidia_smi_summary.json,tier1_direct_gpu,81.62025737762451,0.02267229371600681,135.24870098039216,532.66,17.862745098039216,15779.0,0.0030663982733358294,True,results/replication210x3/draw_2101/7b_scope/telemetry_attempts/attempt_001/codecarbon/emissions.csv,0.005560894630825936,0.0029691495975400217,0.0013688702441707575,0.0012228747891151576,0.00018240474673027017,Iceland,capital region,3.2.9,0.003679677928002995,5.059557151004119e-05,0.00012080382637633832,0.0003434366066136128,0.04534458743201362
a735bb601c57e769,replication_210x3,results/replication210x3/draw_2102/13b_dense/telemetry_attempts/attempt_001/nvidia_smi_summary.json,tier1_direct_gpu,166.35126161575317,0.04620868378215366,138.91998796630565,453.8,17.462093862815884,28357.0,0.00641930979495561,True,results/replication210x3/draw_2102/13b_dense/telemetry_attempts/attempt_001/codecarbon/emissions.csv,0.011629309113914894,0.006352494526435937,0.0027880257631239594,0.002488788824354997,0.000349656449758906,Iceland,capital region,3.2.9,0.007703171753946731,0.00010591861161676757,0.0002528951286820712,0.0007189626970350283,0.09241736756430732
ee1ac922f4fbf839,replication_210x3,results/replication210x3/draw_2102/13b_fastv/telemetry_attempts/attempt_001/nvidia_smi_summary.json,tier1_direct_gpu,167.7128939628601,0.04658691498968336,136.35032219570405,468.54,16.928400954653938,31599.0,0.0063521408689472016,True,results/replication210x3/draw_2102/13b_fastv/telemetry_attempts/attempt_001/codecarbon/emissions.csv,0.011635394199567528,0.006324758670913866,0.0028007423609992936,0.0025098931676543726,0.00034999790112086787,Iceland,capital region,3.2.9,0.0076225690427366415,0.00010481032433762884,0.0002502489416730439,0.0007114397773220865,0.09317382997936673
c0c4889b9e595400,replication_210x3,results/replication210x3/draw_2102/13b_random/telemetry_attempts/attempt_001/nvidia_smi_summary.json,tier1_direct_gpu,175.71016478538513,0.04880837910705142,140.88159635119726,449.29,16.696693272519955,28359.0,0.0068762023639158286,True,results/replication210x3/draw_2102/13b_random/telemetry_attempts/attempt_001/codecarbon/emissions.csv,0.01234984479679425,0.00678077653572795,0.0029416015342717907,0.0026274667267945184,0.0003696457039460698,Iceland,capital region,3.2.9,0.008251442836698994,0.00011345733900461117,0.000270894868328828,0.0007701346647585727,0.09761675821410284
f16f5759cc284077,replication_210x3,results/replication210x3/draw_2102/13b_scope/telemetry_attempts/attempt_001/nvidia_smi_summary.json,tier1_direct_gpu,136.17447638511658,0.03782624344031016,144.07481644640234,455.71,19.352422907488986,28389.0,0.005449809080519617,True,results/replication210x3/draw_2102/13b_scope/telemetry_attempts/attempt_001/codecarbon/emissions.csv,0.009884497683090278,0.005462650481228071,0.002379988507386899,0.0020418586944753033,0.0003019025923891615,Iceland,capital region,3.2.9,0.0065397708966235405,8.992184982857368e-05,0.0002147006785361508,0.000610378617018197,0.07565248688062032
b97003f9008c0eb7,replication_210x3,results/replication210x3/draw_2102/7b_dense/telemetry_attempts/attempt_001/nvidia_smi_summary.json,tier1_direct_gpu,96.78679966926575,0.026885222130351598,115.96299586776858,517.55,15.580578512396695,15639.0,0.0031176909028060025,True,results/replication210x3/draw_2102/7b_dense/telemetry_attempts/attempt_001/codecarbon/emissions.csv,0.006313088614004102,0.0032192967421020846,0.0016380321250816124,0.0014557597468204042,0.0002025333563790751,Iceland,capital region,3.2.9,0.003741229083367203,5.144189989629904e-05,0.00012282455080694528,0.00034918138111427225,0.053770444260703196
34f9e052d05f08d0,replication_210x3,results/replication210x3/draw_2102/7b_fastv/telemetry_attempts/attempt_001/nvidia_smi_summary.json,tier1_direct_gpu,48.59942293167114,0.013499839703241983,214.18127572016462,539.7,30.650205761316872,18483.0,0.0028914128896580966,True,results/replication210x3/draw_2102/7b_fastv/telemetry_attempts/attempt_001/codecarbon/emissions.csv,0.00416467008916867,0.002595174853915916,0.0008405049549970795,0.0007289902802556752,0.0001461608951297031,Iceland,capital region,3.2.9,0.0034696954675897157,4.770831267935859e-05,0.00011391010220097036,0.0003238382436417068,0.026999679406483967
1c2a473ac8151038,replication_210x3,results/replication210x3/draw_2102/7b_random/telemetry_attempts/attempt_001/nvidia_smi_summary.json,tier1_direct_gpu,132.70918083190918,0.03686366134219699,112.84220211161389,534.89,11.536953242835596,15641.0,0.004159776723750281,True,results/replication210x3/draw_2102/7b_random/telemetry_attempts/attempt_001/codecarbon/emissions.csv,0.008035393286340132,0.0038320952878958536,0.002216920342486294,0.0019863776559579842,0.00025007443445170994,Iceland,capital region,3.2.9,0.004991732068500337,6.863631594187963e-05,0.00016387856380886605,0.0004658949930600314,0.07372732268439398
3be9c0991f3524dc,replication_210x3,results/replication210x3/draw_2102/7b_scope/telemetry_attempts/attempt_001/nvidia_smi_summary.json,tier1_direct_gpu,91.04893016815186,0.025291369491153293,121.68613186813187,538.51,15.463736263736264,15681.0,0.003077608923026127,True,results/replication210x3/draw_2102/7b_scope/telemetry_attempts/attempt_001/codecarbon/emissions.csv,0.005834945891438578,0.0029468881908421007,0.001524175307366244,0.0013638823932302327,0.00018942239377144746,Iceland,capital region,3.2.9,0.003693130707631352,5.07805472299311e-05,0.00012124548113153729,0.0003446921993789262,0.050582738982306585
1f0f8c926f2c62fc,replication_210x3,results/replication210x3/draw_2103/13b_dense/telemetry_attempts/attempt_001/nvidia_smi_summary.json,tier1_direct_gpu,138.40994596481323,0.03844720721244812,154.28447976878613,477.67,20.4378612716763,28065.0,0.00593180736333528,True,results/replication210x3/draw_2103/13b_dense/telemetry_attempts/attempt_001/codecarbon/emissions.csv,0.010323967198985092,0.0059409711416620326,0.002310906097259666,0.0020720899600633856,0.00031361875127907177,Iceland,capital region,3.2.9,0.007118168836002336,9.787482149503212e-05,0.00023368948288595668,0.0006643624246935513,0.07689441442489624
0167ee375ddfa220,replication_210x3,results/replication210x3/draw_2103/13b_fastv/telemetry_attempts/attempt_001/nvidia_smi_summary.json,tier1_direct_gpu,169.37914943695068,0.0470497637324863,138.998,453.84,16.514792899408285,32857.0,0.00653982305928813,True,results/replication210x3/draw_2103/13b_fastv/telemetry_attempts/attempt_001/codecarbon/emissions.csv,0.01184325930593381,0.006474630735256115,0.0028325393385683997,0.0025360892321092967,0.00035640969561585915,Iceland,capital region,3.2.9,0.007847787671145755,0.00010790708047825416,0.00025764286924371513,0.0007324601826402705,0.0940995274649726
5df546e5d1505ffb,replication_210x3,results/replication210x3/draw_2103/13b_random/telemetry_attempts/attempt_001/nvidia_smi_summary.json,tier1_direct_gpu,119.50982213020325,0.033197172813945346,174.6676510067114,471.36,23.13422818791946,28067.0,0.005798472195475693,True,results/replication210x3/draw_2103/13b_random/telemetry_attempts/attempt_001/codecarbon/emissions.csv,0.009596246024582674,0.0058084215911780035,0.0020016549373448604,0.0017861694960598115,0.0002942373095627592,Iceland,capital region,3.2.9,0.006958166634570831,9.567479122534893e-05,0.00022843661061296036,0.0006494288858932775,0.06639434562789069
8a019d2287f62887,replication_210x3,results/replication210x3/draw_2103/13b_scope/telemetry_attempts/attempt_001/nvidia_smi_summary.json,tier1_direct_gpu,143.84288048744202,0.03995635569095612,138.3949652294854,457.05,17.756606397774686,28207.0,0.005529758456546822,True,results/replication210x3/draw_2103/13b_scope/telemetry_attempts/attempt_001/codecarbon/emissions.csv,0.010083518227225,0.005519445804441858,0.0024063008536973234,0.0021577715690858164,0.0003070328838093131,Iceland,capital region,3.2.9,0.006635710147856186,9.124101453302256e-05,0.00021785036415411857,0.0006193329471332441,0.07991271138191224
a45825387d85e793,replication_210x3,results/replication210x3/draw_2103/7b_dense/telemetry_attempts/attempt_001/nvidia_smi_summary.json,tier1_direct_gpu,114.8453483581543,0.03190148565504286,116.69618466898955,538.53,13.68815331010453,15455.0,0.0037227816612160026,True,results/replication210x3/draw_2103/7b_dense/telemetry_attempts/attempt_001/codecarbon/emissions.csv,0.007228706408152108,0.0035776261954321154,0.0019259166045553346,0.0017251636081646578,0.00022774672669535152,Iceland,capital region,3.2.9,0.004467337993459203,6.142589741006404e-05,0.00014666270632526562,0.0004169515460561923,0.06380297131008572
5b21c02010b506e4,replication_210x3,results/replication210x3/draw_2103/7b_fastv/telemetry_attempts/attempt_001/nvidia_smi_summary.json,tier1_direct_gpu,49.551523208618164,0.013764312002393935,217.6410887096774,544.4,30.616935483870968,18295.0,0.002995679849540696,True,results/replication210x3/draw_2103/7b_fastv/telemetry_attempts/attempt_001/codecarbon/emissions.csv,0.004207434077086335,0.0026318646054899197,0.0008315991732762146,0.0007439702983202004,0.00014540151621726788,Iceland,capital region,3.2.9,0.0035948158194488346,4.9428717517421483e-05,0.00011801780335250524,0.0003355161431485579,0.02752862400478787
9d845dcfb635894b,replication_210x3,results/replication210x3/draw_2103/7b_random/telemetry_attempts/attempt_001/nvidia_smi_summary.json,tier1_direct_gpu,81.41848945617676,0.022616247071160212,144.5833660933661,510.76,19.014742014742016,15457.0,0.0032699331299475757,True,results/replication210x3/draw_2103/7b_random/telemetry_attempts/attempt_001/codecarbon/emissions.csv,0.00566790779583024,0.0030801913530398295,0.0013649868296166164,0.001222729613173797,0.00018475528976653533,Iceland,capital region,3.2.9,0.00392391975593709,5.3953896644135e-05,0.00012882228558741467,0.00036623251055412846,0.045232494142320424
f30fb37c69ad9a94,replication_210x3,results/replication210x3/draw_2103/7b_scope/telemetry_attempts/attempt_001/nvidia_smi_summary.json,tier1_direct_gpu,84.57191061973572,0.023492197394371032,118.1724586288416,567.68,17.46335697399527,15467.0,0.002776130724686891,True,results/replication210x3/draw_2103/7b_scope/telemetry_attempts/attempt_001/codecarbon/emissions.csv,0.005523897332197434,0.0028421008847900886,0.0014159612018890266,0.001265835245518319,0.0001808968433212048,Iceland,capital region,3.2.9,0.0033313568696242695,4.580615695733371e-05,0.00010936844602976476,0.0003109266411649318,0.046984394788742063
f6fd0ad3fa821085,replication_smoke,results/replication210x3_smoke/13b_scope_monitor/nvidia_smi_summary.json,tier1_direct_gpu,91.17695474624634,0.025326931873957317,63.91309210526315,237.43,0.7872807017543859,27673.0,0.001618722529603959,True,results/replication210x3_smoke/13b_scope_monitor/codecarbon/emissions.csv,0.004493694756805328,0.0016050229506838765,0.0015230943715979454,0.001365577434523511,0.0001518153679321141,Iceland,capital region,3.2.9,0.0019424670355247507,2.6708921738465324e-05,6.377119277627756e-05,0.00018129692331564338,0.05065386374791463
a1665c7201426193,replication_smoke,results/replication210x3_smoke/7b_fastv_monitor/nvidia_smi_summary.json,tier1_direct_gpu,117.3000099658966,0.032583336101637946,49.939914675767916,169.69,0.4283276450511945,15983.0,0.0016272090247676674,True,results/replication210x3_smoke/7b_fastv_monitor/codecarbon/emissions.csv,0.0053383800531934126,0.0016126693456899321,0.0019665236484220344,0.0017591870590814513,0.00017524329568011985,Iceland,capital region,3.2.9,0.0019526508297212008,2.684894890866651e-05,6.410552673974702e-05,0.00018224741077397876,0.06516667220327589
073275d6478af59b,legacy_120x3,results/robustness10_seed101_llava15_fastv/hardware_monitor/nvidia_smi_summary.json,tier1_direct_gpu,436.8868637084961,0.12135746214124891,257.7998441796517,550.65,41.37030247479377,18165.0,0.03128593483005195,True,results/robustness10_seed101_llava15_fastv/codecarbon/emissions.csv,0.04592619978596024,0.030642622569629907,0.008750938738963945,0.006532638477366416,0.0013018044315526469,Iceland,capital region,3.2.9,0.03754312179606234,0.0005162179246958572,0.0012325406885647266,0.003504024700965818,0.24271492428249783
9f0d58a74773d887,legacy_120x3,results/robustness10_seed101_llava15_scope/hardware_monitor/nvidia_smi_summary.json,tier1_direct_gpu,414.25656485557556,0.11507126801543766,213.49227053140098,494.67,37.88405797101449,15499.0,0.024566826281543164,True,results/robustness10_seed101_llava15_scope/codecarbon/emissions.csv,0.038180251725729336,0.023679311721210183,0.00830016082889586,0.0062007791756233215,0.0010873064216344824,Iceland,capital region,3.2.9,0.029480191537851794,0.0004053526336454622,0.0009678346881876744,0.002751484543532834,0.2301425360308753
46048e237fb89359,legacy_120x3,results/robustness10_seed202_llava15_fastv/hardware_monitor/nvidia_smi_summary.json,tier1_direct_gpu,382.77392649650574,0.10632609069347382,292.68411395713537,543.76,46.65656037637219,18249.0,0.031119957645145403,True,results/robustness10_seed202_llava15_fastv/codecarbon/emissions.csv,0.04323579838981804,0.029845885265572747,0.007666438572908514,0.005723474551336845,0.001227322704917935,Iceland,capital region,3.2.9,0.03734394917417448,0.0005134793011448992,0.0012260018513881481,0.003485435256256285,0.21265218138694764
44b622215b1aaaba,legacy_120x3,results/robustness10_seed202_llava15_scope/hardware_monitor/nvidia_smi_summary.json,tier1_direct_gpu,1083.0569112300873,0.30084914200835755,114.2209223659889,490.0,14.223844731977819,16044.0,0.03436326649321098,True,results/robustness10_seed202_llava15_scope/codecarbon/emissions.csv,0.07145546325970072,0.033516589591016555,0.021718967906495946,0.01621990576218815,0.0003036340997935695,Canada,quebec,3.2.9,0.041235919791853176,0.0005669938971379812,0.0013537752467665397,0.0038486858472396297,0.6016982840167151
2da0799129d25e3f,legacy_120x3,results/robustness10_seed303_llava15_fastv/hardware_monitor/nvidia_smi_summary.json,tier1_direct_gpu,433.55456161499023,0.12043182267083062,267.3315150115473,533.08,43.41108545034642,19383.0,0.03219522161019516,True,results/robustness10_seed303_llava15_fastv/codecarbon/emissions.csv,0.04655179865029244,0.03139538011630805,0.008676197910236985,0.006480220623747443,0.0013190293238261553,Iceland,capital region,3.2.9,0.038634265932234194,0.0005312211565682202,0.0012683629505552485,0.003605864820341858,0.24086364534166124
ccb469475177ed1b,legacy_120x3,results/robustness10_seed303_llava15_scope/hardware_monitor/nvidia_smi_summary.json,tier1_direct_gpu,360.55342864990234,0.10015373018052842,238.09349611542729,531.72,44.75804661487236,15611.0,0.0238459517676832,True,results/robustness10_seed303_llava15_scope/codecarbon/emissions.csv,0.035636001949021404,0.022996007841229016,0.0072357431411792066,0.005404250966613176,0.0010169634227004494,Iceland,capital region,3.2.9,0.028615142121219836,0.0003934582041667728,0.0009394351158396472,0.002670746597980518,0.20030746036105684
f8d4b9ed13ef2638,smolvlm_verification,results/verification_smolvlm500m_dense_paper1200/hardware_monitor/nvidia_smi_summary.json,tier1_direct_gpu,1917.5856080055237,0.5326626688904232,123.87367679298465,257.01,10.538469568848523,2918.0,0.06598288328582089,True,results/verification_smolvlm500m_dense_paper1200/codecarbon/emissions.csv,0.12675651403901878,0.06614523763835223,0.03195087054367479,0.028660405856991398,0.0035363713125699595,Iceland,capital region,3.2.9,0.07917945994298506,0.0010887175742160448,0.0025994616699281992,0.007390082928011938,1.0653253377808465
e97b6056e8ec0687,replication_smoke_failed,results/replication210x3_smoke/failed_attempts/13b_scope_initial/combined.log,tier2_recovered_from_preserved_combined_log,112.25111603736877,0.03118086556593577,60.050677361853836,,,,0.001872432097963347,True,results/replication210x3_smoke/failed_attempts/13b_scope_initial/combined.log,0.005404119654104057,,,,0.00017741724824423617,Iceland,,3.2.9,0.0022469185175560164,3.089512961639523e-05,7.376633493136401e-05,0.00020971239497189484,0.06236173113187154
