epoch,timestamp,power_w,utilization_gpu_pct,memory_used_mb,memory_total_mb
1785253137.704987,2026/07/28 15:38:57.698, 35.11, 0, 0, 97887
1785253137.905078,2026/07/28 15:38:57.905, 35.11, 0, 0, 97887
1785253138.105159,2026/07/28 15:38:58.105, 35.11, 0, 0, 97887
1785253138.306332,2026/07/28 15:38:58.306, 35.11, 0, 0, 97887
1785253138.506421,2026/07/28 15:38:58.506, 35.13, 0, 0, 97887
1785253138.706510,2026/07/28 15:38:58.706, 35.13, 0, 0, 97887
1785253138.906598,2026/07/28 15:38:58.906, 35.13, 0, 0, 97887
1785253139.106689,2026/07/28 15:38:59.106, 35.13, 0, 0, 97887
1785253139.306777,2026/07/28 15:38:59.306, 35.13, 0, 0, 97887
1785253139.506865,2026/07/28 15:38:59.506, 35.15, 0, 0, 97887
1785253139.706957,2026/07/28 15:38:59.706, 35.15, 0, 0, 97887
1785253139.907048,2026/07/28 15:38:59.907, 35.15, 0, 0, 97887
1785253140.107137,2026/07/28 15:39:00.107, 35.15, 0, 0, 97887
1785253140.307227,2026/07/28 15:39:00.307, 35.15, 0, 0, 97887
1785253140.507314,2026/07/28 15:39:00.507, 35.14, 0, 0, 97887
1785253140.707405,2026/07/28 15:39:00.707, 35.14, 0, 0, 97887
1785253140.907492,2026/07/28 15:39:00.907, 35.14, 0, 0, 97887
1785253141.107582,2026/07/28 15:39:01.107, 35.14, 0, 0, 97887
1785253141.307670,2026/07/28 15:39:01.307, 35.14, 0, 0, 97887
1785253141.507761,2026/07/28 15:39:01.507, 34.89, 0, 0, 97887
1785253141.707849,2026/07/28 15:39:01.707, 34.89, 0, 0, 97887
1785253141.907937,2026/07/28 15:39:01.907, 34.89, 0, 0, 97887
1785253142.108025,2026/07/28 15:39:02.107, 34.89, 0, 0, 97887
1785253142.308115,2026/07/28 15:39:02.308, 34.89, 0, 0, 97887
1785253142.508200,2026/07/28 15:39:02.508, 35.13, 0, 0, 97887
1785253142.708314,2026/07/28 15:39:02.708, 35.13, 0, 0, 97887
1785253142.908427,2026/07/28 15:39:02.908, 35.13, 0, 0, 97887
1785253143.108515,2026/07/28 15:39:03.108, 35.13, 0, 0, 97887
1785253143.308658,2026/07/28 15:39:03.308, 35.13, 0, 0, 97887
1785253143.508802,2026/07/28 15:39:03.508, 35.15, 0, 0, 97887
1785253143.708927,2026/07/28 15:39:03.708, 35.15, 0, 0, 97887
1785253143.909020,2026/07/28 15:39:03.908, 35.15, 0, 0, 97887
1785253144.109105,2026/07/28 15:39:04.109, 35.15, 0, 0, 97887
1785253144.309194,2026/07/28 15:39:04.309, 35.15, 0, 0, 97887
1785253144.509286,2026/07/28 15:39:04.509, 34.90, 0, 0, 97887
1785253144.709463,2026/07/28 15:39:04.709, 34.90, 0, 0, 97887
1785253144.909541,2026/07/28 15:39:04.909, 34.90, 0, 0, 97887
1785253145.109633,2026/07/28 15:39:05.109, 34.90, 0, 0, 97887
1785253145.309820,2026/07/28 15:39:05.309, 34.90, 0, 0, 97887
1785253145.509888,2026/07/28 15:39:05.509, 34.65, 0, 0, 97887
1785253145.709984,2026/07/28 15:39:05.709, 34.65, 0, 0, 97887
1785253145.910076,2026/07/28 15:39:05.910, 34.65, 0, 0, 97887
1785253146.110333,2026/07/28 15:39:06.110, 34.65, 0, 0, 97887
1785253146.310547,2026/07/28 15:39:06.310, 34.65, 0, 0, 97887
1785253146.510643,2026/07/28 15:39:06.510, 35.13, 0, 0, 97887
1785253146.710799,2026/07/28 15:39:06.710, 35.13, 0, 0, 97887
1785253146.910866,2026/07/28 15:39:06.910, 35.13, 0, 0, 97887
1785253147.110966,2026/07/28 15:39:07.110, 35.13, 0, 0, 97887
1785253147.311094,2026/07/28 15:39:07.311, 35.13, 0, 0, 97887
1785253147.511299,2026/07/28 15:39:07.511, 35.15, 0, 0, 97887
1785253147.711497,2026/07/28 15:39:07.711, 35.15, 0, 0, 97887
1785253147.911589,2026/07/28 15:39:07.911, 35.15, 0, 0, 97887
1785253148.111699,2026/07/28 15:39:08.111, 35.15, 0, 0, 97887
1785253148.311844,2026/07/28 15:39:08.311, 35.15, 0, 0, 97887
1785253148.511957,2026/07/28 15:39:08.511, 35.15, 0, 0, 97887
1785253148.712077,2026/07/28 15:39:08.712, 35.15, 0, 0, 97887
1785253148.912187,2026/07/28 15:39:08.912, 35.15, 0, 0, 97887
1785253149.112291,2026/07/28 15:39:09.112, 35.15, 0, 0, 97887
1785253149.312416,2026/07/28 15:39:09.312, 35.15, 0, 0, 97887
1785253149.512519,2026/07/28 15:39:09.512, 34.89, 0, 0, 97887
1785253149.712631,2026/07/28 15:39:09.712, 34.89, 0, 0, 97887
1785253149.912769,2026/07/28 15:39:09.912, 34.89, 0, 0, 97887
1785253150.112859,2026/07/28 15:39:10.112, 34.89, 0, 0, 97887
1785253150.312951,2026/07/28 15:39:10.312, 34.89, 0, 0, 97887
1785253150.513059,2026/07/28 15:39:10.513, 34.65, 0, 0, 97887
1785253150.713161,2026/07/28 15:39:10.713, 34.65, 0, 0, 97887
1785253150.913265,2026/07/28 15:39:10.913, 34.65, 0, 0, 97887
1785253151.113365,2026/07/28 15:39:11.113, 34.65, 0, 0, 97887
1785253151.313462,2026/07/28 15:39:11.313, 34.65, 0, 0, 97887
1785253151.513563,2026/07/28 15:39:11.513, 34.63, 0, 0, 97887
1785253151.713658,2026/07/28 15:39:11.713, 34.63, 0, 0, 97887
1785253151.913763,2026/07/28 15:39:11.913, 34.63, 0, 0, 97887
1785253152.113864,2026/07/28 15:39:12.113, 34.63, 0, 0, 97887
1785253152.313972,2026/07/28 15:39:12.313, 34.63, 0, 0, 97887
1785253152.514079,2026/07/28 15:39:12.514, 34.60, 0, 0, 97887
1785253152.714212,2026/07/28 15:39:12.714, 34.60, 0, 0, 97887
1785253152.914322,2026/07/28 15:39:12.914, 34.60, 0, 0, 97887
1785253153.114425,2026/07/28 15:39:13.114, 34.60, 0, 0, 97887
1785253153.314526,2026/07/28 15:39:13.314, 34.60, 0, 0, 97887
1785253153.514623,2026/07/28 15:39:13.514, 34.62, 0, 0, 97887
1785253153.714717,2026/07/28 15:39:13.714, 34.62, 0, 0, 97887
1785253153.914807,2026/07/28 15:39:13.914, 34.62, 0, 0, 97887
1785253154.114893,2026/07/28 15:39:14.114, 34.62, 0, 0, 97887
1785253154.315030,2026/07/28 15:39:14.314, 34.62, 0, 0, 97887
1785253154.515129,2026/07/28 15:39:14.515, 34.65, 0, 0, 97887
1785253154.715227,2026/07/28 15:39:14.715, 34.65, 0, 0, 97887
1785253154.915319,2026/07/28 15:39:14.915, 34.65, 0, 0, 97887
1785253155.115407,2026/07/28 15:39:15.115, 34.65, 0, 0, 97887
1785253155.315487,2026/07/28 15:39:15.315, 34.65, 0, 0, 97887
1785253155.515576,2026/07/28 15:39:15.515, 34.63, 0, 0, 97887
1785253155.715664,2026/07/28 15:39:15.715, 34.63, 0, 0, 97887
1785253155.915754,2026/07/28 15:39:15.915, 34.63, 0, 0, 97887
1785253156.115845,2026/07/28 15:39:16.115, 34.63, 0, 0, 97887
1785253156.315935,2026/07/28 15:39:16.315, 34.63, 0, 0, 97887
1785253156.516032,2026/07/28 15:39:16.515, 34.62, 0, 0, 97887
1785253156.716284,2026/07/28 15:39:16.716, 34.62, 0, 0, 97887
1785253156.916522,2026/07/28 15:39:16.916, 34.62, 0, 0, 97887
1785253157.116577,2026/07/28 15:39:17.116, 34.62, 0, 0, 97887
1785253157.316679,2026/07/28 15:39:17.316, 34.62, 0, 0, 97887
1785253157.516779,2026/07/28 15:39:17.516, 34.65, 0, 0, 97887
1785253157.716871,2026/07/28 15:39:17.716, 34.65, 0, 0, 97887
1785253157.916965,2026/07/28 15:39:17.916, 34.65, 0, 0, 97887
1785253158.117081,2026/07/28 15:39:18.117, 34.65, 0, 0, 97887
1785253158.317185,2026/07/28 15:39:18.317, 34.65, 0, 0, 97887
1785253158.517400,2026/07/28 15:39:18.517, 34.65, 0, 0, 97887
1785253158.717451,2026/07/28 15:39:18.717, 34.65, 0, 0, 97887
1785253158.917650,2026/07/28 15:39:18.917, 34.65, 0, 0, 97887
1785253159.117800,2026/07/28 15:39:19.117, 34.65, 0, 0, 97887
1785253159.317882,2026/07/28 15:39:19.317, 34.65, 0, 0, 97887
1785253159.517980,2026/07/28 15:39:19.517, 34.66, 0, 0, 97887
1785253159.718109,2026/07/28 15:39:19.718, 34.66, 0, 0, 97887
1785253159.918339,2026/07/28 15:39:19.918, 34.66, 0, 0, 97887
1785253160.118527,2026/07/28 15:39:20.118, 34.66, 0, 0, 97887
1785253160.318603,2026/07/28 15:39:20.318, 34.66, 0, 0, 97887
1785253160.518693,2026/07/28 15:39:20.518, 34.65, 0, 0, 97887
1785253160.718784,2026/07/28 15:39:20.718, 34.65, 0, 0, 97887
1785253160.918882,2026/07/28 15:39:20.918, 34.65, 0, 0, 97887
1785253161.119145,2026/07/28 15:39:21.118, 34.65, 0, 0, 97887
1785253161.319408,2026/07/28 15:39:21.319, 34.65, 0, 0, 97887
1785253161.519711,2026/07/28 15:39:21.519, 34.65, 0, 0, 97887
1785253161.719856,2026/07/28 15:39:21.719, 34.65, 0, 0, 97887
1785253161.919943,2026/07/28 15:39:21.919, 34.65, 0, 0, 97887
1785253162.120035,2026/07/28 15:39:22.119, 34.65, 0, 0, 97887
1785253162.320125,2026/07/28 15:39:22.320, 34.65, 0, 0, 97887
1785253162.520211,2026/07/28 15:39:22.520, 34.65, 0, 0, 97887
1785253162.720301,2026/07/28 15:39:22.720, 34.65, 0, 0, 97887
1785253162.920418,2026/07/28 15:39:22.920, 34.65, 0, 0, 97887
1785253163.120511,2026/07/28 15:39:23.120, 34.65, 0, 0, 97887
1785253163.320599,2026/07/28 15:39:23.320, 34.65, 0, 0, 97887
1785253163.520709,2026/07/28 15:39:23.520, 34.65, 0, 0, 97887
1785253163.720779,2026/07/28 15:39:23.720, 34.65, 0, 0, 97887
1785253163.920868,2026/07/28 15:39:23.920, 34.65, 0, 0, 97887
1785253164.120962,2026/07/28 15:39:24.120, 34.65, 0, 0, 97887
1785253164.321061,2026/07/28 15:39:24.321, 34.65, 0, 0, 97887
1785253164.521153,2026/07/28 15:39:24.521, 34.65, 0, 0, 97887
1785253164.721243,2026/07/28 15:39:24.721, 34.65, 0, 0, 97887
1785253164.921335,2026/07/28 15:39:24.921, 34.65, 0, 0, 97887
1785253165.121428,2026/07/28 15:39:25.121, 34.65, 0, 0, 97887
1785253165.322110,2026/07/28 15:39:25.321, 34.65, 0, 0, 97887
1785253165.522224,2026/07/28 15:39:25.522, 34.16, 0, 0, 97887
1785253165.722312,2026/07/28 15:39:25.722, 34.16, 0, 0, 97887
1785253165.922402,2026/07/28 15:39:25.922, 34.16, 0, 0, 97887
1785253166.122492,2026/07/28 15:39:26.122, 34.16, 0, 0, 97887
1785253166.322596,2026/07/28 15:39:26.322, 34.16, 0, 0, 97887
1785253166.522699,2026/07/28 15:39:26.522, 34.16, 0, 0, 97887
1785253166.722786,2026/07/28 15:39:26.722, 34.16, 0, 0, 97887
1785253166.922873,2026/07/28 15:39:26.922, 34.16, 0, 0, 97887
1785253167.123444,2026/07/28 15:39:27.122, 34.16, 0, 0, 97887
1785253167.323536,2026/07/28 15:39:27.323, 34.16, 0, 0, 97887
1785253167.523661,2026/07/28 15:39:27.523, 34.39, 0, 0, 97887
1785253167.723749,2026/07/28 15:39:27.723, 34.39, 0, 0, 97887
1785253167.923850,2026/07/28 15:39:27.923, 34.39, 0, 0, 97887
1785253168.123939,2026/07/28 15:39:28.123, 34.39, 0, 0, 97887
1785253168.324028,2026/07/28 15:39:28.323, 34.39, 0, 0, 97887
1785253168.524133,2026/07/28 15:39:28.524, 34.57, 0, 0, 97887
1785253168.724229,2026/07/28 15:39:28.724, 34.57, 0, 0, 97887
1785253168.924337,2026/07/28 15:39:28.924, 34.57, 0, 0, 97887
1785253169.124433,2026/07/28 15:39:29.124, 34.57, 0, 0, 97887
1785253169.324524,2026/07/28 15:39:29.324, 34.57, 0, 0, 97887
1785253169.524614,2026/07/28 15:39:29.524, 34.16, 0, 0, 97887
1785253169.724702,2026/07/28 15:39:29.724, 34.16, 0, 0, 97887
1785253169.924786,2026/07/28 15:39:29.924, 34.16, 0, 0, 97887
1785253170.124878,2026/07/28 15:39:30.124, 34.16, 0, 0, 97887
1785253170.324970,2026/07/28 15:39:30.324, 34.16, 0, 0, 97887
1785253170.525072,2026/07/28 15:39:30.525, 34.13, 0, 0, 97887
1785253170.725176,2026/07/28 15:39:30.725, 34.13, 0, 0, 97887
1785253170.925273,2026/07/28 15:39:30.925, 34.13, 0, 0, 97887
1785253171.125416,2026/07/28 15:39:31.125, 34.13, 0, 0, 97887
1785253171.325513,2026/07/28 15:39:31.325, 34.13, 0, 0, 97887
1785253171.525625,2026/07/28 15:39:31.525, 34.07, 0, 0, 97887
1785253171.725722,2026/07/28 15:39:31.725, 34.07, 0, 0, 97887
1785253171.925828,2026/07/28 15:39:31.925, 34.07, 0, 0, 97887
1785253172.125951,2026/07/28 15:39:32.125, 34.07, 0, 0, 97887
1785253172.326069,2026/07/28 15:39:32.325, 34.07, 0, 0, 97887
1785253172.526155,2026/07/28 15:39:32.526, 34.09, 0, 0, 97887
1785253172.726253,2026/07/28 15:39:32.726, 34.09, 0, 3, 97887
1785253172.926485,2026/07/28 15:39:32.926, 34.24, 0, 3, 97887
1785253173.126572,2026/07/28 15:39:33.126, 34.26, 0, 3, 97887
1785253173.326671,2026/07/28 15:39:33.326, 34.30, 0, 3, 97887
1785253173.526771,2026/07/28 15:39:33.526, 34.52, 0, 3, 97887
1785253173.726864,2026/07/28 15:39:33.726, 34.46, 0, 3, 97887
1785253173.927060,2026/07/28 15:39:33.926, 34.46, 0, 3, 97887
1785253174.127223,2026/07/28 15:39:34.127, 34.46, 0, 3, 97887
1785253174.327300,2026/07/28 15:39:34.327, 34.46, 0, 3, 97887
1785253174.527428,2026/07/28 15:39:34.527, 34.46, 0, 3, 97887
1785253174.727521,2026/07/28 15:39:34.727, 34.12, 0, 3, 97887
1785253174.927617,2026/07/28 15:39:34.927, 34.12, 0, 3, 97887
1785253175.127707,2026/07/28 15:39:35.127, 34.12, 0, 3, 97887
1785253175.327795,2026/07/28 15:39:35.327, 34.12, 0, 3, 97887
1785253175.527889,2026/07/28 15:39:35.527, 34.12, 0, 3, 97887
1785253175.727983,2026/07/28 15:39:35.727, 34.14, 0, 3, 97887
1785253175.928072,2026/07/28 15:39:35.928, 34.14, 0, 3, 97887
1785253176.128158,2026/07/28 15:39:36.128, 34.14, 0, 3, 97887
1785253176.328247,2026/07/28 15:39:36.328, 34.14, 0, 3, 97887
1785253176.528339,2026/07/28 15:39:36.528, 34.14, 0, 3, 97887
1785253176.728430,2026/07/28 15:39:36.728, 34.60, 0, 3, 97887
1785253176.928518,2026/07/28 15:39:36.928, 34.60, 0, 3, 97887
1785253177.128608,2026/07/28 15:39:37.128, 34.60, 0, 3, 97887
1785253177.328685,2026/07/28 15:39:37.328, 34.60, 0, 3, 97887
1785253177.528783,2026/07/28 15:39:37.528, 34.60, 0, 3, 97887
1785253177.728969,2026/07/28 15:39:37.728, 34.10, 0, 3, 97887
1785253177.929046,2026/07/28 15:39:37.928, 34.10, 0, 3, 97887
1785253178.129249,2026/07/28 15:39:38.129, 34.10, 0, 3, 97887
1785253178.329535,2026/07/28 15:39:38.329, 34.10, 0, 3, 97887
1785253178.529650,2026/07/28 15:39:38.529, 34.10, 0, 3, 97887
1785253178.729741,2026/07/28 15:39:38.729, 34.12, 0, 3, 97887
1785253178.929830,2026/07/28 15:39:38.929, 34.12, 0, 3, 97887
1785253179.129920,2026/07/28 15:39:39.129, 34.12, 0, 3, 97887
1785253179.330013,2026/07/28 15:39:39.329, 34.12, 0, 3, 97887
1785253179.530095,2026/07/28 15:39:39.530, 34.12, 0, 3, 97887
1785253179.730186,2026/07/28 15:39:39.730, 34.12, 0, 3, 97887
1785253179.930269,2026/07/28 15:39:39.930, 34.12, 0, 3, 97887
1785253180.130353,2026/07/28 15:39:40.130, 34.12, 0, 3, 97887
1785253180.330454,2026/07/28 15:39:40.330, 34.12, 0, 3, 97887
1785253180.530543,2026/07/28 15:39:40.530, 34.12, 0, 3, 97887
1785253180.730644,2026/07/28 15:39:40.730, 34.13, 0, 3, 97887
1785253180.930743,2026/07/28 15:39:40.930, 34.13, 0, 3, 97887
1785253181.130966,2026/07/28 15:39:41.130, 34.13, 0, 3, 97887
1785253181.331031,2026/07/28 15:39:41.330, 34.13, 0, 3, 97887
1785253181.531124,2026/07/28 15:39:41.531, 34.13, 0, 3, 97887
1785253181.731207,2026/07/28 15:39:41.731, 34.14, 0, 3, 97887
1785253181.931288,2026/07/28 15:39:41.931, 34.14, 0, 3, 97887
1785253182.131413,2026/07/28 15:39:42.131, 34.14, 0, 3, 97887
1785253182.331505,2026/07/28 15:39:42.331, 34.14, 0, 3, 97887
1785253182.531584,2026/07/28 15:39:42.531, 34.14, 0, 3, 97887
1785253182.731684,2026/07/28 15:39:42.731, 34.14, 0, 3, 97887
1785253182.931772,2026/07/28 15:39:42.931, 34.14, 0, 3, 97887
1785253183.131858,2026/07/28 15:39:43.131, 34.14, 0, 3, 97887
1785253183.331944,2026/07/28 15:39:43.331, 34.14, 0, 3, 97887
1785253183.532032,2026/07/28 15:39:43.531, 34.14, 0, 3, 97887
1785253183.732218,2026/07/28 15:39:43.732, 34.14, 0, 3, 97887
1785253183.932279,2026/07/28 15:39:43.932, 34.14, 0, 3, 97887
1785253184.132364,2026/07/28 15:39:44.132, 34.14, 0, 3, 97887
1785253184.332453,2026/07/28 15:39:44.332, 34.14, 0, 3, 97887
1785253184.532552,2026/07/28 15:39:44.532, 34.14, 0, 3, 97887
1785253184.732643,2026/07/28 15:39:44.732, 34.10, 0, 3, 97887
1785253184.932802,2026/07/28 15:39:44.932, 34.10, 0, 3, 97887
1785253185.132900,2026/07/28 15:39:45.132, 34.10, 0, 3, 97887
1785253185.332993,2026/07/28 15:39:45.332, 34.10, 0, 3, 97887
1785253185.533081,2026/07/28 15:39:45.533, 34.10, 0, 3, 97887
1785253185.733182,2026/07/28 15:39:45.733, 34.12, 0, 3, 97887
1785253185.933277,2026/07/28 15:39:45.933, 34.12, 0, 3, 97887
1785253186.133366,2026/07/28 15:39:46.133, 34.12, 0, 3, 97887
1785253186.333579,2026/07/28 15:39:46.333, 34.12, 0, 3, 97887
1785253186.533732,2026/07/28 15:39:46.533, 34.12, 0, 3, 97887
1785253186.733819,2026/07/28 15:39:46.733, 34.04, 0, 3, 97887
1785253186.933994,2026/07/28 15:39:46.933, 34.04, 0, 3, 97887
1785253187.134092,2026/07/28 15:39:47.134, 34.04, 0, 3, 97887
1785253187.334294,2026/07/28 15:39:47.334, 34.04, 0, 3, 97887
1785253187.534538,2026/07/28 15:39:47.534, 34.04, 0, 3, 97887
1785253187.734615,2026/07/28 15:39:47.734, 34.16, 0, 3, 97887
1785253187.934693,2026/07/28 15:39:47.934, 34.16, 0, 3, 97887
1785253188.134798,2026/07/28 15:39:48.134, 34.16, 0, 3, 97887
1785253188.334878,2026/07/28 15:39:48.334, 34.16, 0, 3, 97887
1785253188.534971,2026/07/28 15:39:48.534, 34.16, 0, 3, 97887
1785253188.735063,2026/07/28 15:39:48.735, 34.15, 0, 3, 97887
1785253188.935154,2026/07/28 15:39:48.935, 34.15, 0, 3, 97887
1785253189.135242,2026/07/28 15:39:49.135, 34.15, 0, 3, 97887
1785253189.335386,2026/07/28 15:39:49.335, 34.15, 0, 3, 97887
1785253189.535623,2026/07/28 15:39:49.535, 34.15, 0, 3, 97887
1785253189.735681,2026/07/28 15:39:49.735, 34.14, 0, 3, 97887
1785253189.935773,2026/07/28 15:39:49.935, 34.14, 0, 3, 97887
1785253190.135858,2026/07/28 15:39:50.135, 34.14, 0, 3, 97887
1785253190.336056,2026/07/28 15:39:50.335, 34.14, 0, 3, 97887
1785253190.536193,2026/07/28 15:39:50.536, 34.14, 0, 3, 97887
1785253190.736274,2026/07/28 15:39:50.736, 34.16, 0, 3, 97887
1785253190.936380,2026/07/28 15:39:50.936, 34.16, 0, 3, 97887
1785253191.136456,2026/07/28 15:39:51.136, 34.16, 0, 3, 97887
1785253191.336545,2026/07/28 15:39:51.336, 34.16, 0, 3, 97887
1785253191.537040,2026/07/28 15:39:51.536, 34.16, 0, 3, 97887
1785253191.737738,2026/07/28 15:39:51.737, 34.12, 0, 3, 97887
1785253191.938078,2026/07/28 15:39:51.937, 34.12, 0, 3, 97887
1785253192.138561,2026/07/28 15:39:52.138, 34.12, 0, 3, 97887
1785253192.339288,2026/07/28 15:39:52.338, 34.12, 0, 22, 97887
1785253192.539400,2026/07/28 15:39:52.539, 43.84, 0, 559, 97887
1785253192.739496,2026/07/28 15:39:52.739, 47.74, 0, 561, 97887
1785253192.939585,2026/07/28 15:39:52.939, 65.04, 0, 561, 97887
1785253193.139844,2026/07/28 15:39:53.139, 67.58, 0, 561, 97887
1785253193.340043,2026/07/28 15:39:53.339, 69.49, 0, 561, 97887
1785253193.540216,2026/07/28 15:39:53.540, 83.36, 0, 561, 97887
1785253193.740390,2026/07/28 15:39:53.740, 82.93, 0, 561, 97887
1785253193.940610,2026/07/28 15:39:53.940, 82.93, 0, 561, 97887
1785253194.140786,2026/07/28 15:39:54.140, 82.93, 0, 561, 97887
1785253194.341033,2026/07/28 15:39:54.340, 82.93, 0, 561, 97887
1785253194.541203,2026/07/28 15:39:54.541, 82.93, 0, 561, 97887
1785253194.741388,2026/07/28 15:39:54.741, 82.69, 0, 561, 97887
1785253194.941618,2026/07/28 15:39:54.941, 83.00, 0, 3127, 97887
1785253195.141827,2026/07/28 15:39:55.141, 83.92, 48, 7759, 97887
1785253195.341982,2026/07/28 15:39:55.341, 84.99, 47, 10075, 97887
1785253195.542177,2026/07/28 15:39:55.542, 84.87, 31, 10075, 97887
1785253195.742352,2026/07/28 15:39:55.742, 84.68, 0, 10075, 97887
1785253195.942536,2026/07/28 15:39:55.942, 86.05, 0, 10075, 97887
1785253196.142711,2026/07/28 15:39:56.142, 85.81, 0, 10075, 97887
1785253196.342876,2026/07/28 15:39:56.342, 84.16, 0, 10075, 97887
1785253196.543029,2026/07/28 15:39:56.542, 83.56, 0, 12809, 97887
1785253196.743218,2026/07/28 15:39:56.743, 84.69, 46, 13465, 97887
1785253196.943379,2026/07/28 15:39:56.943, 84.75, 0, 13465, 97887
1785253197.143491,2026/07/28 15:39:57.143, 84.43, 0, 13529, 97887
1785253197.343590,2026/07/28 15:39:57.343, 84.40, 1, 13529, 97887
1785253197.543695,2026/07/28 15:39:57.543, 84.27, 0, 13529, 97887
1785253197.743795,2026/07/28 15:39:57.743, 83.87, 0, 13529, 97887
1785253197.944014,2026/07/28 15:39:57.943, 83.25, 0, 13529, 97887
1785253198.144207,2026/07/28 15:39:58.144, 83.25, 0, 13529, 97887
1785253198.344510,2026/07/28 15:39:58.344, 83.25, 0, 13529, 97887
1785253198.544678,2026/07/28 15:39:58.544, 83.25, 0, 13529, 97887
1785253198.744817,2026/07/28 15:39:58.744, 83.19, 0, 13689, 97887
1785253198.944973,2026/07/28 15:39:58.944, 83.34, 3, 13909, 97887
1785253199.145094,2026/07/28 15:39:59.145, 83.53, 2, 14089, 97887
1785253199.345262,2026/07/28 15:39:59.345, 83.79, 2, 14199, 97887
1785253199.545450,2026/07/28 15:39:59.545, 83.67, 1, 14199, 97887
1785253199.745610,2026/07/28 15:39:59.745, 83.62, 0, 14199, 97887
1785253199.945778,2026/07/28 15:39:59.945, 83.75, 0, 14199, 97887
1785253200.145949,2026/07/28 15:40:00.145, 83.54, 0, 14199, 97887
1785253200.346122,2026/07/28 15:40:00.345, 83.22, 0, 14199, 97887
1785253200.546201,2026/07/28 15:40:00.546, 83.52, 0, 14209, 97887
1785253200.746313,2026/07/28 15:40:00.746, 83.46, 0, 14209, 97887
1785253200.946427,2026/07/28 15:40:00.946, 83.40, 0, 14209, 97887
1785253201.146536,2026/07/28 15:40:01.146, 83.51, 0, 14209, 97887
1785253201.346710,2026/07/28 15:40:01.346, 83.48, 0, 14209, 97887
1785253201.546823,2026/07/28 15:40:01.546, 83.58, 0, 14209, 97887
1785253201.746943,2026/07/28 15:40:01.746, 83.44, 0, 14209, 97887
1785253201.947047,2026/07/28 15:40:01.946, 83.44, 0, 14219, 97887
1785253202.147138,2026/07/28 15:40:02.147, 83.48, 0, 14219, 97887
1785253202.347321,2026/07/28 15:40:02.347, 83.44, 0, 14253, 97887
1785253202.547485,2026/07/28 15:40:02.547, 83.46, 0, 14253, 97887
1785253202.747660,2026/07/28 15:40:02.747, 83.59, 0, 14293, 97887
1785253202.947731,2026/07/28 15:40:02.947, 83.44, 3, 14293, 97887
1785253203.147824,2026/07/28 15:40:03.147, 83.46, 0, 14293, 97887
1785253203.347910,2026/07/28 15:40:03.347, 83.56, 0, 14293, 97887
1785253203.548020,2026/07/28 15:40:03.547, 83.62, 0, 14353, 97887
1785253203.748082,2026/07/28 15:40:03.748, 83.48, 0, 15123, 97887
1785253203.948183,2026/07/28 15:40:03.948, 90.99, 48, 15123, 97887
1785253204.148278,2026/07/28 15:40:04.148, 102.99, 66, 15123, 97887
1785253204.348400,2026/07/28 15:40:04.348, 114.95, 66, 15123, 97887
1785253204.548512,2026/07/28 15:40:04.548, 130.98, 66, 15123, 97887
1785253204.748609,2026/07/28 15:40:04.748, 131.21, 0, 15123, 97887
1785253204.948702,2026/07/28 15:40:04.948, 121.71, 0, 15123, 97887
1785253205.148800,2026/07/28 15:40:05.148, 198.84, 50, 15123, 97887
1785253205.348893,2026/07/28 15:40:05.348, 269.58, 66, 15123, 97887
1785253205.549004,2026/07/28 15:40:05.548, 354.30, 68, 15123, 97887
1785253205.749104,2026/07/28 15:40:05.749, 364.88, 53, 15123, 97887
1785253205.949244,2026/07/28 15:40:05.949, 438.93, 90, 15123, 97887
1785253206.149332,2026/07/28 15:40:06.149, 395.14, 43, 15123, 97887
1785253206.349444,2026/07/28 15:40:06.349, 348.00, 66, 15123, 97887
1785253206.549547,2026/07/28 15:40:06.549, 285.17, 50, 15123, 97887
1785253206.749641,2026/07/28 15:40:06.749, 255.65, 0, 15123, 97887
1785253206.949745,2026/07/28 15:40:06.949, 272.74, 88, 15123, 97887
1785253207.149837,2026/07/28 15:40:07.149, 280.36, 64, 15123, 97887
1785253207.349924,2026/07/28 15:40:07.349, 326.95, 59, 15215, 97887
1785253207.550013,2026/07/28 15:40:07.549, 332.67, 26, 15215, 97887
1785253207.750101,2026/07/28 15:40:07.750, 393.89, 66, 15313, 97887
1785253207.950198,2026/07/28 15:40:07.950, 439.41, 72, 15313, 97887
1785253208.150276,2026/07/28 15:40:08.150, 419.65, 71, 15313, 97887
1785253208.350369,2026/07/28 15:40:08.350, 416.79, 48, 15313, 97887
1785253208.550450,2026/07/28 15:40:08.550, 457.67, 62, 15313, 97887
1785253208.750542,2026/07/28 15:40:08.750, 396.82, 45, 15313, 97887
1785253208.950630,2026/07/28 15:40:08.950, 322.38, 60, 15313, 97887
1785253209.150722,2026/07/28 15:40:09.150, 271.12, 64, 15313, 97887
1785253209.350807,2026/07/28 15:40:09.350, 252.81, 65, 15313, 97887
1785253209.550895,2026/07/28 15:40:09.550, 189.65, 20, 15313, 97887
1785253209.750984,2026/07/28 15:40:09.750, 155.98, 0, 15313, 97887
1785253209.951117,2026/07/28 15:40:09.951, 148.00, 0, 15313, 97887
1785253210.151323,2026/07/28 15:40:10.151, 184.52, 31, 15313, 97887
1785253210.351529,2026/07/28 15:40:10.351, 178.20, 47, 15313, 97887
1785253210.551610,2026/07/28 15:40:10.551, 228.12, 41, 15313, 97887
1785253210.751702,2026/07/28 15:40:10.751, 279.02, 81, 15313, 97887
1785253210.951791,2026/07/28 15:40:10.951, 366.87, 35, 15313, 97887
1785253211.151878,2026/07/28 15:40:11.151, 367.30, 66, 15313, 97887
1785253211.351966,2026/07/28 15:40:11.351, 328.68, 44, 15313, 97887
1785253211.552160,2026/07/28 15:40:11.552, 305.13, 70, 15313, 97887
1785253211.752328,2026/07/28 15:40:11.752, 273.99, 67, 15313, 97887
1785253211.952530,2026/07/28 15:40:11.952, 225.21, 64, 15313, 97887
1785253212.152704,2026/07/28 15:40:12.152, 129.18, 66, 15313, 97887
1785253212.352771,2026/07/28 15:40:12.352, 144.86, 76, 15313, 97887
1785253212.552858,2026/07/28 15:40:12.552, 176.81, 86, 15313, 97887
1785253212.752953,2026/07/28 15:40:12.752, 206.65, 70, 15313, 97887
1785253212.953041,2026/07/28 15:40:12.953, 215.87, 67, 15313, 97887
1785253213.153131,2026/07/28 15:40:13.153, 236.20, 64, 15313, 97887
1785253213.353226,2026/07/28 15:40:13.353, 232.58, 87, 15313, 97887
1785253213.553328,2026/07/28 15:40:13.553, 226.43, 0, 15313, 97887
1785253213.753420,2026/07/28 15:40:13.753, 253.74, 68, 15313, 97887
1785253213.953517,2026/07/28 15:40:13.953, 329.82, 71, 15313, 97887
1785253214.153605,2026/07/28 15:40:14.153, 415.47, 68, 15313, 97887
1785253214.353700,2026/07/28 15:40:14.353, 438.91, 67, 15313, 97887
1785253214.553774,2026/07/28 15:40:14.553, 431.60, 0, 15313, 97887
1785253214.753870,2026/07/28 15:40:14.753, 351.04, 46, 15313, 97887
1785253214.953966,2026/07/28 15:40:14.953, 296.20, 65, 15313, 97887
1785253215.154059,2026/07/28 15:40:15.154, 246.73, 86, 15313, 97887
1785253215.354163,2026/07/28 15:40:15.354, 195.07, 82, 15313, 97887
1785253215.554250,2026/07/28 15:40:15.554, 204.67, 0, 15313, 97887
1785253215.754342,2026/07/28 15:40:15.754, 255.64, 72, 15313, 97887
1785253215.954428,2026/07/28 15:40:15.954, 328.20, 66, 15313, 97887
1785253216.154541,2026/07/28 15:40:16.154, 331.69, 63, 15313, 97887
1785253216.354643,2026/07/28 15:40:16.354, 332.02, 62, 15313, 97887
1785253216.554753,2026/07/28 15:40:16.554, 342.53, 64, 15313, 97887
1785253216.754875,2026/07/28 15:40:16.754, 347.65, 61, 15313, 97887
1785253216.955058,2026/07/28 15:40:16.954, 300.71, 61, 15413, 97887
1785253217.155201,2026/07/28 15:40:17.155, 244.55, 57, 15413, 97887
1785253217.355349,2026/07/28 15:40:17.355, 279.17, 0, 15413, 97887
1785253217.555485,2026/07/28 15:40:17.555, 257.28, 24, 15413, 97887
1785253217.755603,2026/07/28 15:40:17.755, 223.83, 22, 15413, 97887
1785253217.955700,2026/07/28 15:40:17.955, 187.81, 0, 15413, 97887
1785253218.155798,2026/07/28 15:40:18.155, 249.96, 45, 15413, 97887
1785253218.355931,2026/07/28 15:40:18.355, 334.52, 63, 15413, 97887
1785253218.556018,2026/07/28 15:40:18.555, 385.52, 66, 15413, 97887
1785253218.756115,2026/07/28 15:40:18.756, 384.65, 63, 15413, 97887
1785253218.956218,2026/07/28 15:40:18.956, 443.80, 70, 15413, 97887
1785253219.156407,2026/07/28 15:40:19.156, 399.25, 64, 15413, 97887
1785253219.356431,2026/07/28 15:40:19.356, 394.80, 54, 15413, 97887
1785253219.556533,2026/07/28 15:40:19.556, 364.91, 67, 15413, 97887
1785253219.756637,2026/07/28 15:40:19.756, 338.14, 63, 15413, 97887
1785253219.956889,2026/07/28 15:40:19.956, 358.39, 63, 15413, 97887
1785253220.157040,2026/07/28 15:40:20.156, 382.43, 31, 15413, 97887
1785253220.357171,2026/07/28 15:40:20.357, 325.19, 37, 15413, 97887
1785253220.557250,2026/07/28 15:40:20.557, 268.73, 63, 15413, 97887
1785253220.757342,2026/07/28 15:40:20.757, 263.58, 0, 15413, 97887
1785253220.957438,2026/07/28 15:40:20.957, 202.84, 63, 15413, 97887
1785253221.157530,2026/07/28 15:40:21.157, 195.39, 64, 15413, 97887
1785253221.357622,2026/07/28 15:40:21.357, 153.26, 67, 15413, 97887
1785253221.557713,2026/07/28 15:40:21.557, 172.34, 55, 15413, 97887
1785253221.757809,2026/07/28 15:40:21.757, 180.31, 61, 15639, 97887
1785253221.957901,2026/07/28 15:40:21.957, 182.90, 65, 15639, 97887
1785253222.157999,2026/07/28 15:40:22.157, 186.29, 62, 15639, 97887
1785253222.358097,2026/07/28 15:40:22.358, 246.11, 83, 15639, 97887
1785253222.558290,2026/07/28 15:40:22.558, 236.32, 27, 15639, 97887
1785253222.758487,2026/07/28 15:40:22.758, 225.30, 68, 15639, 97887
1785253222.958613,2026/07/28 15:40:22.958, 240.25, 72, 15639, 97887
1785253223.158817,2026/07/28 15:40:23.158, 206.27, 0, 15639, 97887
1785253223.358899,2026/07/28 15:40:23.358, 227.65, 47, 15639, 97887
1785253223.558991,2026/07/28 15:40:23.558, 311.45, 71, 15639, 97887
1785253223.759078,2026/07/28 15:40:23.759, 363.89, 67, 15639, 97887
1785253223.959189,2026/07/28 15:40:23.959, 444.64, 65, 15639, 97887
1785253224.159286,2026/07/28 15:40:24.159, 492.55, 67, 15639, 97887
1785253224.359410,2026/07/28 15:40:24.359, 517.55, 55, 15639, 97887
1785253224.559517,2026/07/28 15:40:24.559, 501.53, 66, 15639, 97887
1785253224.759642,2026/07/28 15:40:24.759, 486.57, 64, 15639, 97887
1785253224.959821,2026/07/28 15:40:24.959, 410.53, 67, 15639, 97887
1785253225.159981,2026/07/28 15:40:25.159, 355.38, 61, 15639, 97887
1785253225.360131,2026/07/28 15:40:25.360, 292.22, 62, 15639, 97887
1785253225.560290,2026/07/28 15:40:25.560, 245.60, 66, 15639, 97887
1785253225.760475,2026/07/28 15:40:25.760, 217.67, 62, 15639, 97887
1785253225.960633,2026/07/28 15:40:25.960, 198.75, 88, 15639, 97887
1785253226.160869,2026/07/28 15:40:26.160, 196.73, 6, 15639, 97887
1785253226.361014,2026/07/28 15:40:26.360, 256.08, 16, 15639, 97887
1785253226.561193,2026/07/28 15:40:26.561, 280.25, 68, 15639, 97887
1785253226.761423,2026/07/28 15:40:26.761, 292.15, 65, 15639, 97887
1785253226.961548,2026/07/28 15:40:26.961, 331.38, 92, 15639, 97887
1785253227.161717,2026/07/28 15:40:27.161, 341.44, 61, 15639, 97887
1785253227.361927,2026/07/28 15:40:27.361, 298.13, 67, 15639, 97887
1785253227.562159,2026/07/28 15:40:27.561, 256.97, 66, 15639, 97887
1785253227.762403,2026/07/28 15:40:27.762, 282.34, 68, 15639, 97887
1785253227.962508,2026/07/28 15:40:27.962, 300.93, 69, 15639, 97887
1785253228.162677,2026/07/28 15:40:28.162, 268.40, 71, 15639, 97887
1785253228.362833,2026/07/28 15:40:28.362, 281.52, 62, 15639, 97887
1785253228.562988,2026/07/28 15:40:28.562, 305.71, 58, 15639, 97887
1785253228.763084,2026/07/28 15:40:28.763, 314.82, 65, 15639, 97887
1785253228.963261,2026/07/28 15:40:28.963, 269.22, 59, 15639, 97887
1785253229.163449,2026/07/28 15:40:29.163, 305.50, 4, 15639, 97887
1785253229.363523,2026/07/28 15:40:29.363, 362.42, 38, 15639, 97887
1785253229.563620,2026/07/28 15:40:29.563, 423.00, 65, 15639, 97887
1785253229.837837,2026/07/28 15:40:29.837, 398.23, 67, 15639, 97887
1785253230.038003,2026/07/28 15:40:30.037, 408.79, 40, 15639, 97887
1785253230.238154,2026/07/28 15:40:30.238, 425.94, 40, 15639, 97887
1785253230.438226,2026/07/28 15:40:30.438, 420.35, 66, 15639, 97887
1785253230.638331,2026/07/28 15:40:30.638, 406.27, 69, 14219, 97887
1785253230.838447,2026/07/28 15:40:30.838, 361.74, 22, 14219, 97887
1785253231.038545,2026/07/28 15:40:31.038, 299.05, 0, 14219, 97887
1785253231.238641,2026/07/28 15:40:31.238, 260.72, 0, 14219, 97887
1785253231.438743,2026/07/28 15:40:31.438, 199.39, 0, 14219, 97887
1785253231.638912,2026/07/28 15:40:31.638, 128.36, 0, 14219, 97887
1785253231.839075,2026/07/28 15:40:31.838, 128.36, 0, 14219, 97887
1785253232.039237,2026/07/28 15:40:32.039, 128.36, 0, 14219, 97887
1785253232.239430,2026/07/28 15:40:32.239, 128.36, 0, 14219, 97887
1785253232.439625,2026/07/28 15:40:32.439, 128.36, 0, 14219, 97887
1785253232.639768,2026/07/28 15:40:32.639, 86.65, 0, 14219, 97887
1785253232.839913,2026/07/28 15:40:32.839, 86.65, 0, 14219, 97887
1785253233.040075,2026/07/28 15:40:33.039, 86.65, 0, 14219, 97887
1785253233.240226,2026/07/28 15:40:33.240, 86.65, 0, 14219, 97887
1785253233.440381,2026/07/28 15:40:33.440, 86.65, 0, 14219, 97887
1785253233.640526,2026/07/28 15:40:33.640, 86.39, 0, 14219, 97887
1785253233.840670,2026/07/28 15:40:33.840, 86.39, 0, 14219, 97887
1785253234.040829,2026/07/28 15:40:34.040, 86.39, 0, 14219, 97887
1785253234.240995,2026/07/28 15:40:34.240, 86.39, 0, 14219, 97887
1785253234.469503,2026/07/28 15:40:34.441, 88.20, 0, 0, 97887
